review_id,user_id,product_id,rating,comment
1,569,49,2,Culpa incidunt odio adipisci praesentium eaque.
2,7,795,2,Perspiciatis aspernatur praesentium iste.
3,318,878,1,Animi hic laudantium minima suscipit voluptatum.
4,411,254,3,Quod provident deserunt eligendi facilis repudiandae odit quod.
5,77,38,1,Blanditiis animi facilis assumenda.
6,129,80,5,Accusantium rerum dicta velit laboriosam repellat.
7,116,578,3,Perspiciatis nam ducimus harum rem.
8,529,572,1,Aliquam omnis aut.
9,747,481,4,Quasi sint vero facere deleniti autem.
10,186,194,1,Tempore deleniti temporibus quae.
11,220,3,3,Delectus deserunt nostrum in necessitatibus eligendi ut.
12,655,888,1,Debitis asperiores aliquam adipisci nostrum alias.
13,504,208,4,Officiis quibusdam accusantium esse error sequi.
14,281,258,2,Aut voluptatem quaerat quam consequatur.
15,538,407,4,Amet quibusdam asperiores minus aspernatur accusantium tempora.
16,149,644,2,Ex odit cumque iste.
17,719,468,1,Dolorem odit sunt.
18,608,993,2,Praesentium vel vitae nisi.
19,466,781,5,Suscipit aliquam perferendis praesentium sit.
20,630,314,1,Rerum adipisci repellendus non.
21,599,289,1,Ea dolorum nisi nam in.
22,91,342,2,Iste explicabo in itaque in iste accusantium.
23,558,584,1,Excepturi possimus dolor quam illo.
24,554,549,2,Labore perferendis praesentium neque itaque recusandae.
25,150,748,3,Non incidunt alias iure.
26,969,140,1,Perspiciatis eius veritatis repellat impedit corporis.
27,409,617,4,Quam deleniti nobis nulla tempore ad.
28,583,880,2,Vero voluptate natus architecto aliquid.
29,724,9,2,Quos ullam quisquam optio officiis mollitia.
30,182,731,3,Nisi rerum cupiditate.
31,462,678,2,Molestias quia deleniti soluta ex placeat.
32,204,22,1,Quaerat nobis tempore ducimus.
33,45,941,5,Eligendi fuga ratione officiis quam fugiat dolores ab.
34,687,932,3,Blanditiis assumenda minus vitae officia culpa iusto.
35,953,125,5,Vitae exercitationem vel quia.
36,591,347,2,Iure dolorum illo maxime officiis impedit illum magni.
37,718,174,5,Ea natus sunt.
38,425,828,1,Earum est laboriosam.
39,191,734,5,Modi nulla consequatur.
40,569,168,2,Cupiditate vitae officia occaecati voluptates corrupti sint.
41,166,900,4,Voluptatum quos ipsum assumenda excepturi odit iure ratione.
42,102,657,1,Recusandae aliquid nisi.
43,683,210,5,Dolorem consequatur minima reprehenderit.
44,123,745,5,Iste quo consequuntur numquam cum.
45,879,703,2,Corrupti alias soluta.
46,502,737,4,Corrupti debitis perspiciatis debitis eum illo.
47,635,178,2,Ad sint dolorum corporis inventore officiis.
48,695,824,5,Eos molestias esse porro quam labore voluptatibus.
49,738,431,4,Inventore occaecati labore veritatis necessitatibus voluptate in.
50,231,63,5,Delectus occaecati sit deleniti.
51,415,928,2,Velit eum eligendi.
52,416,507,5,Ratione in temporibus est.
53,675,457,5,Quibusdam consequatur voluptatum nesciunt voluptates.
54,447,618,1,Modi amet aspernatur quo.
55,899,739,4,Ipsam a quaerat facere fugit soluta.
56,131,992,2,Quisquam saepe harum.
57,423,58,3,Dolores dignissimos necessitatibus blanditiis provident sunt.
58,810,586,2,Commodi odio pariatur eligendi sint.
59,838,893,3,Tempora voluptatem nobis ex officia distinctio.
60,109,780,5,Eaque voluptatem suscipit quisquam.
61,579,667,1,Tempora rem itaque eius quae distinctio quos dolorum.
62,200,614,3,Doloremque sint repellat molestiae corrupti veritatis dolore neque.
63,99,9,3,Libero ad omnis quam similique.
64,897,223,1,Fugit exercitationem consequuntur nemo architecto eligendi vitae.
65,746,427,4,Neque pariatur possimus quaerat.
66,172,734,3,Nobis eligendi tenetur.
67,735,955,4,Animi voluptatum eos iusto quos ad tenetur.
68,441,149,1,Enim delectus dolor aliquam optio veritatis animi.
69,317,95,4,Totam atque esse a.
70,359,374,2,Ad optio amet iure cupiditate aut repudiandae.
71,604,744,5,Distinctio accusantium sunt nostrum.
72,41,886,2,Ad beatae illum ab ipsam.
73,525,295,1,Quam dignissimos numquam reiciendis.
74,980,679,5,Nam voluptatem nemo eligendi provident sapiente voluptates.
75,962,286,2,Porro labore neque sunt non reprehenderit.
76,706,666,4,Doloremque perferendis vitae.
77,380,760,1,Laborum commodi ullam eos.
78,557,346,3,Quasi sapiente sint possimus quas eum.
79,951,254,5,Quis voluptas nobis odit ea.
80,248,742,1,Veritatis ab aut ut enim nesciunt inventore repellat.
81,83,495,1,Molestias rem veritatis ipsam ipsum nam facere.
82,626,865,5,Maxime doloremque molestias dolor atque ex.
83,854,98,1,Mollitia exercitationem modi voluptas.
84,819,351,5,Quidem sint voluptas eius odio itaque incidunt accusamus.
85,875,694,1,Dicta expedita nemo.
86,591,23,4,Ipsum accusamus consectetur autem.
87,391,261,3,Facere architecto suscipit aperiam.
88,87,571,2,Repudiandae laborum natus tempora.
89,742,224,5,Assumenda illo ut.
90,476,571,2,Mollitia tenetur fuga fugit.
91,546,682,5,Quo neque mollitia voluptas id quo impedit.
92,3,852,4,Amet provident voluptates unde.
93,169,661,1,Debitis iure fugiat quos.
94,828,916,2,Dolores modi voluptatibus quidem.
95,373,554,1,Aperiam reiciendis nihil maiores.
96,933,520,1,Voluptatem error quam eligendi itaque rerum eligendi.
97,132,777,5,Aperiam cum libero.
98,844,976,2,Autem aliquam a repellat quia temporibus.
99,56,890,4,Neque nihil quas odio sed.
100,889,67,3,Unde sed ut ad nobis.
101,945,16,3,Possimus sequi cum quasi adipisci atque sed.
102,2,434,2,Minus blanditiis ipsum dolor.
103,487,11,1,Aliquam explicabo nobis commodi quidem.
104,229,634,1,Aperiam illum commodi earum nihil amet eligendi.
105,630,174,3,Esse culpa accusamus impedit repudiandae praesentium dolore.
106,524,324,5,Provident cum minima eum quo illo.
107,708,558,4,Reiciendis delectus quaerat quisquam nam doloribus impedit.
108,387,348,2,Eaque consectetur nam earum porro nesciunt eius possimus.
109,984,376,3,Magnam labore cumque praesentium qui eos dolorem autem.
110,349,672,3,Veritatis beatae amet nisi.
111,542,600,3,Enim ex natus odio autem laborum.
112,929,190,4,Ad exercitationem reiciendis ex exercitationem illo autem.
113,817,96,1,Qui dolore exercitationem sequi cumque necessitatibus.
114,865,972,1,Neque ad minima accusamus eos laudantium est veniam.
115,248,466,5,Modi labore tenetur quasi accusantium nemo aliquam incidunt.
116,846,450,2,Quis ducimus blanditiis.
117,345,395,1,Atque qui repellat dolore repellendus consectetur illum.
118,17,394,1,Aspernatur placeat natus at reprehenderit.
119,808,535,4,Repellendus molestiae corrupti.
120,936,209,3,Vitae debitis explicabo neque natus expedita consequatur.
121,860,822,3,Animi doloremque dolorum veniam quam numquam.
122,935,781,2,Suscipit fugiat veniam deleniti.
123,600,289,5,Itaque cumque quaerat provident non neque ratione ad.
124,993,10,1,Ea possimus illum voluptates.
125,290,838,1,Natus tempore dolor pariatur.
126,546,492,4,Velit doloribus asperiores voluptates.
127,314,908,2,Quidem enim nisi deleniti quidem.
128,22,66,3,Nisi nisi laborum voluptatibus reprehenderit dicta.
129,712,129,2,Itaque velit labore impedit repellat architecto.
130,410,463,5,Quaerat voluptatum commodi iste consequuntur laboriosam.
131,571,834,2,Vero eaque eligendi asperiores officiis quas modi.
132,501,86,4,Quas hic explicabo veniam.
133,297,989,5,Natus qui atque tenetur.
134,4,317,1,Explicabo porro provident voluptatum mollitia tenetur aut.
135,294,504,4,Nobis earum quasi a.
136,572,91,5,Voluptas cumque quia nisi dignissimos ratione exercitationem.
137,261,891,5,Unde animi doloribus libero.
138,407,547,2,Non aut id impedit expedita harum nobis quae.
139,872,5,5,Id at iusto ex magni suscipit dignissimos.
140,786,513,1,Fugiat omnis expedita.
141,619,912,4,Dolore repudiandae a perferendis.
142,881,600,3,Nobis dolorem maiores dolorem quasi tempora.
143,98,752,5,Modi voluptatum rem ab.
144,821,333,3,Nemo facere enim voluptates iusto illo aliquam occaecati.
145,185,297,1,Incidunt recusandae dolores amet ab maxime voluptatem.
146,21,309,4,Ex sed laborum quasi similique provident temporibus.
147,350,179,4,Pariatur minus impedit nulla accusamus minima.
148,903,145,2,Illo veniam rerum quasi doloremque repudiandae placeat molestiae.
149,826,885,5,Ullam ullam dolorum omnis optio iure alias dignissimos.
150,362,215,4,Magni placeat accusantium delectus.
151,609,175,4,Deserunt repellendus illo.
152,167,505,2,Harum iusto optio quo voluptatem.
153,832,519,4,Nobis natus quod laboriosam ea dolore.
154,489,79,1,Veniam aliquam sit distinctio quas.
155,464,944,4,Sint quisquam ut ea facilis quibusdam.
156,726,658,1,Ab nam illo sapiente dolorem unde.
157,876,407,3,Temporibus eligendi nulla aut cum.
158,798,902,3,Animi ipsam iure distinctio facilis atque.
159,763,317,2,Alias similique quasi dolores quo quasi.
160,187,760,1,Nobis libero illo est repellat blanditiis.
161,556,443,4,Illo odit aspernatur sunt autem beatae provident.
162,797,66,3,Vitae officiis hic laborum.
163,429,48,4,Deserunt perferendis minima.
164,401,615,1,Animi veritatis libero quam quod qui.
165,615,441,5,Laborum tempore sequi dignissimos.
166,393,756,1,Reprehenderit qui non maiores similique earum sequi.
167,557,477,4,Labore animi consectetur distinctio.
168,336,414,4,Mollitia architecto illo veniam.
169,743,203,1,Doloribus cumque facilis hic voluptate magnam velit.
170,895,59,2,Exercitationem id eveniet.
171,59,301,4,Porro architecto animi ipsum molestiae cumque.
172,587,307,4,Nisi ea inventore occaecati officia itaque.
173,610,77,5,At reiciendis quas molestias reiciendis praesentium.
174,513,241,4,Atque necessitatibus tempora laborum velit voluptates quia.
175,64,752,5,Aut commodi iure eum.
176,45,485,1,Sapiente nihil voluptate voluptatibus.
177,144,887,2,Laborum saepe velit omnis possimus nam.
178,730,847,4,Eos incidunt veritatis voluptate.
179,438,42,3,Numquam et exercitationem blanditiis adipisci sed.
180,728,149,1,Nemo aperiam culpa omnis rem adipisci optio quidem.
181,9,651,5,Dolores adipisci in veritatis laborum nostrum.
182,257,615,3,Minus ut ratione fugit impedit dolor perferendis.
183,994,561,1,Sunt magni sapiente natus nam.
184,680,10,4,Maiores blanditiis tempore iusto est cupiditate in.
185,506,178,1,Reprehenderit consequuntur eius id facilis.
186,544,694,3,Voluptatum tenetur quidem molestiae alias amet.
187,634,493,1,Unde cum excepturi magnam corporis nobis ipsa.
188,506,93,4,Aliquid sapiente ducimus minus.
189,102,673,4,Saepe asperiores quod corporis sunt velit magnam.
190,209,307,1,Illum facilis eum est animi harum nostrum.
191,881,509,5,Eligendi vel beatae veniam eligendi.
192,420,883,3,Ipsum totam totam debitis.
193,92,141,1,Officiis rerum dolore quo quam voluptatum.
194,863,206,4,Porro suscipit dolorum unde.
195,976,572,3,Quae fuga quo quos odio laborum.
196,400,101,2,Ducimus quasi consequatur.
197,882,243,1,Pariatur architecto dignissimos quaerat.
198,611,359,4,Deserunt debitis veniam fuga veniam pariatur.
199,244,480,4,Omnis provident natus quas dolores.
200,277,793,2,Reiciendis reiciendis recusandae minus nesciunt saepe.
201,775,305,3,Cupiditate doloribus recusandae cum dolore.
202,911,406,3,Quae quam quaerat perferendis.
203,720,539,3,Accusantium vero deleniti.
204,812,95,4,Consectetur quaerat ea maxime eveniet est.
205,687,920,4,Error repudiandae ullam optio excepturi iure dolor et.
206,977,850,4,Mollitia numquam earum enim.
207,833,817,1,Quas repellendus recusandae dolor reprehenderit nam voluptas.
208,746,429,2,Rem itaque soluta possimus porro.
209,492,7,4,Accusantium cumque in magnam.
210,437,3,3,Dolores quod magnam.
211,574,333,2,Expedita error repellat earum.
212,191,91,2,Doloremque architecto delectus expedita illum laborum.
213,199,249,3,Corporis aspernatur nostrum amet illo.
214,681,754,3,A quam praesentium debitis perferendis placeat.
215,170,108,5,Iste quas reiciendis sit fugit assumenda dolores qui.
216,700,212,3,Aperiam molestias nemo laborum.
217,858,89,5,Qui esse atque.
218,333,767,1,Harum molestias error tempore.
219,894,34,2,Molestias deleniti repudiandae ut aliquid expedita rerum.
220,742,936,3,Temporibus itaque nulla animi architecto magni.
221,432,477,1,Cumque asperiores praesentium voluptate recusandae.
222,995,171,5,Ullam iure pariatur.
223,663,950,3,Quibusdam molestias animi numquam.
224,584,869,2,Recusandae ut fugit excepturi quasi tempore nihil cupiditate.
225,848,367,5,Veritatis totam cumque.
226,333,772,2,Sint totam alias.
227,178,951,5,Odit perferendis perferendis voluptatum consectetur quibusdam quo.
228,429,435,3,Iusto asperiores numquam consequuntur commodi itaque id.
229,976,781,2,Dolore repellat est explicabo doloremque natus officia voluptatum.
230,816,513,2,Molestiae minima quo asperiores expedita.
231,194,844,4,Maiores provident iure architecto nam libero qui.
232,277,152,2,Quos placeat nesciunt error.
233,254,409,3,Fuga cum et dolorem molestias.
234,21,368,1,Magni nobis facilis.
235,573,349,1,Reiciendis voluptates eaque cum iure illo.
236,597,305,4,Facere asperiores blanditiis iste soluta totam.
237,757,425,2,Tenetur ipsa dolor similique inventore.
238,892,479,1,Rerum quae nihil eaque nisi commodi adipisci.
239,549,927,1,Aut voluptatum iure.
240,372,368,4,Voluptates ipsa harum libero eaque reiciendis.
241,37,905,1,Quisquam rerum assumenda ut eum rerum quas.
242,106,380,4,Corporis maxime quia fugiat vitae dolores.
243,158,548,4,Vero provident beatae sapiente ipsam.
244,392,132,1,Placeat alias temporibus praesentium mollitia.
245,43,991,5,Repellat hic repellat maxime beatae.
246,190,222,3,Ea quo tenetur quo exercitationem totam laboriosam nisi.
247,423,347,3,Consequuntur molestias libero accusantium amet quia.
248,163,675,2,Optio doloremque omnis laboriosam rem.
249,566,479,4,Aliquam tempore hic dolorem quas quo voluptatum.
250,148,673,5,Minus voluptatum soluta pariatur.
251,421,146,1,Fuga placeat debitis.
252,355,697,5,Architecto quos vitae quas laborum.
253,663,949,2,Dolor delectus ducimus optio.
254,168,966,1,Non placeat numquam eum a nesciunt velit.
255,250,135,2,Nisi tempore a sed.
256,119,172,2,Ab totam accusamus sint officia occaecati qui.
257,560,467,2,Cum unde quo voluptatibus libero quidem officia.
258,111,170,2,Natus qui natus sed fugit.
259,338,550,5,Nisi veniam a doloribus tenetur recusandae.
260,666,909,3,Voluptatem architecto laborum.
261,39,129,3,Animi soluta sint dolorem quisquam.
262,448,831,3,Voluptatibus occaecati doloribus voluptates.
263,868,411,1,Eligendi nostrum perferendis fuga vitae voluptate eos quibusdam.
264,929,746,2,Totam tempora aspernatur nisi sequi dignissimos placeat.
265,706,128,4,Nemo sint error dicta distinctio saepe.
266,334,687,4,Eum tenetur cumque ipsa laborum.
267,927,958,5,Soluta deleniti impedit aliquam voluptate.
268,497,459,4,Sed exercitationem praesentium magni ipsam vitae cum.
269,844,726,4,Ullam atque quisquam ex minus.
270,78,231,3,Quam ullam ullam veritatis iste qui quasi.
271,143,471,3,Dolores repellat veritatis provident perferendis eius itaque.
272,226,839,4,Fugiat enim voluptate.
273,455,8,1,Maxime ducimus repellat esse aut.
274,855,525,5,Consequatur cumque optio dignissimos repellat odio.
275,249,420,3,Blanditiis quibusdam veritatis aperiam consequatur esse.
276,133,534,3,Expedita expedita repellat eaque debitis id quae vero.
277,160,278,1,Delectus architecto asperiores.
278,713,40,5,Odio repellat vel quas nam.
279,238,593,2,Odio voluptas perspiciatis vel.
280,49,710,1,Neque dolores possimus voluptate.
281,648,500,2,Iste aliquid placeat nam odio architecto.
282,947,156,2,Exercitationem neque quam eaque velit debitis itaque.
283,236,668,2,Temporibus perferendis illo quo necessitatibus.
284,760,609,4,Ipsa qui vitae tempore harum.
285,607,691,3,Delectus rerum illum.
286,263,720,4,Neque aut eius omnis eum.
287,162,250,5,Temporibus iste recusandae minima assumenda impedit minus assumenda.
288,426,674,4,Ipsa blanditiis soluta.
289,131,986,5,Illum minima magni.
290,408,977,4,Incidunt laboriosam possimus occaecati occaecati officiis tempora.
291,340,740,4,Inventore amet tenetur labore.
292,795,107,3,Ab ipsam atque distinctio necessitatibus incidunt dicta.
293,372,842,5,Blanditiis exercitationem accusamus iure.
294,684,745,4,Beatae excepturi ex aut voluptatem dicta inventore.
295,115,75,1,Quaerat suscipit nulla quidem.
296,956,414,1,Suscipit iste asperiores quia reprehenderit.
297,923,149,5,Minus quia molestiae ratione.
298,353,501,1,Quasi nihil sint doloribus.
299,591,304,3,Cumque repudiandae tempora temporibus ullam.
300,65,838,2,Nostrum sint cupiditate ad rerum culpa aspernatur.
301,813,618,3,Quisquam doloribus dolorem necessitatibus dolores doloremque alias.
302,796,555,5,Impedit maiores sequi dolore explicabo quisquam.
303,628,257,3,Doloribus earum iste molestiae officiis sit perferendis doloremque.
304,626,751,1,Iste neque saepe ut suscipit voluptatem.
305,463,669,2,Cum culpa dolorem veniam quod.
306,465,430,2,Repellat adipisci consequuntur quidem dolores aspernatur.
307,736,542,1,Corrupti aut accusamus libero corporis aliquam tempora hic.
308,11,92,1,Repudiandae aperiam harum labore expedita perspiciatis sit.
309,252,346,5,Exercitationem dolore in molestiae fugiat temporibus quis dolorum.
310,568,849,2,Tenetur vero enim.
311,766,825,1,Rem similique aspernatur sint.
312,755,84,5,Quo laboriosam odio unde tempore illum quidem.
313,161,769,4,Sint vitae vitae odio velit laudantium alias.
314,509,326,1,Harum magnam in soluta.
315,234,525,5,Deleniti accusamus dolores animi.
316,206,622,5,Quos voluptates voluptas rem incidunt earum.
317,859,848,4,Minima quos ipsam odit.
318,135,322,2,Et tenetur eius ut vitae alias ipsum.
319,300,466,5,Repudiandae repudiandae id.
320,412,122,2,Cum deserunt tenetur nemo impedit inventore.
321,406,923,1,Sint eveniet odit quidem fuga maiores mollitia inventore.
322,591,112,3,Labore eligendi sit.
323,225,472,5,Saepe accusamus temporibus modi qui placeat.
324,726,397,2,Pariatur fugiat ea at numquam.
325,321,465,1,Quas nisi quae neque vero neque doloremque eveniet.
326,770,690,3,Dolorem quasi molestiae autem eaque sit doloribus.
327,469,521,3,Aliquid optio eius non et officiis dolor.
328,812,521,5,Quam esse libero et.
329,604,923,2,Excepturi totam debitis eligendi.
330,358,848,2,Inventore dolorum libero.
331,626,937,3,Id omnis eos.
332,645,112,1,Blanditiis repudiandae velit saepe distinctio vitae quisquam.
333,229,161,5,Possimus excepturi aut.
334,658,993,3,Amet natus quos eveniet.
335,173,601,4,Corporis animi quis nostrum a ex nihil optio.
336,250,213,5,Eum fugiat assumenda ipsa occaecati velit odio.
337,356,190,3,Nemo enim possimus omnis ullam suscipit.
338,199,142,1,Alias quam magnam facilis dolorum.
339,834,570,5,Sed minima reprehenderit eius sint.
340,539,395,2,Quas exercitationem placeat.
341,988,28,3,Corrupti voluptas ipsa ipsam facilis nulla eveniet.
342,695,860,1,Dolores id dignissimos voluptas.
343,569,291,3,Est eos fuga distinctio ut excepturi veritatis quasi.
344,712,987,4,Tempora aut minus corrupti.
345,420,988,1,Nostrum dolore ducimus distinctio.
346,231,651,1,Dolorem dolorem blanditiis soluta eos.
347,944,309,4,Quo distinctio laboriosam unde.
348,170,785,1,Molestiae reiciendis vel iure.
349,547,175,2,Laborum laboriosam tempore occaecati et soluta repellendus.
350,172,583,3,Voluptate asperiores perferendis modi ratione.
351,974,396,1,Error laborum perspiciatis blanditiis qui.
352,965,452,2,Nemo architecto tempora cumque similique alias earum dolor.
353,240,97,2,Impedit nobis doloribus nobis.
354,333,980,2,Ipsum atque nisi aliquam.
355,776,157,2,Voluptates illo iusto voluptate magni dolor.
356,361,111,4,Aperiam optio iste eligendi quasi eum aspernatur sint.
357,574,66,1,Deserunt ipsa molestias dolorem odio saepe voluptas.
358,819,186,4,Quae totam praesentium adipisci magni sint magni.
359,116,6,2,Eius optio consequatur optio incidunt veritatis.
360,180,837,1,Nesciunt ab dolore perspiciatis ratione facere hic.
361,533,988,3,Excepturi aliquid sit incidunt provident dolorum sed architecto.
362,766,116,1,Exercitationem mollitia maxime beatae maxime quis.
363,464,949,3,Expedita eos tenetur.
364,131,713,3,Similique quaerat odio quidem sit enim itaque.
365,705,986,1,Quam odit porro eligendi eum.
366,405,958,4,Quas dicta et itaque.
367,31,163,5,Quas ad aliquid id autem iure non cumque.
368,300,772,2,Vel minima fugit corrupti repudiandae beatae minus.
369,574,229,3,Vitae harum maxime aliquid.
370,424,703,4,Dicta eaque vero animi perspiciatis nesciunt provident.
371,850,855,4,Quibusdam odit aliquid consectetur laboriosam.
372,739,494,4,Nemo autem voluptas aspernatur exercitationem nostrum expedita.
373,512,866,5,Iusto eaque necessitatibus itaque quod repellendus.
374,9,261,1,Id inventore facere nesciunt nisi laudantium eveniet.
375,24,917,1,Esse consequuntur quos non fugit similique.
376,586,154,1,Unde ratione expedita repudiandae.
377,705,907,1,Reiciendis magni soluta.
378,154,406,5,Earum nobis hic incidunt dolores voluptates.
379,828,394,4,Porro eaque inventore.
380,199,70,5,Culpa mollitia accusantium inventore quis minima illo.
381,683,852,1,Minima itaque nemo aliquid libero.
382,444,726,1,Temporibus rerum numquam soluta doloribus dolores ad facere.
383,314,578,5,Animi dicta quibusdam quaerat.
384,588,705,3,Tempora perferendis expedita iste ullam.
385,989,526,1,Ipsum similique fugit nisi pariatur delectus.
386,600,818,5,Eos doloremque consequatur tempore.
387,223,818,5,Suscipit nam nulla ipsum labore accusamus.
388,523,686,4,Aliquam odio eligendi.
389,400,427,3,Rerum consequuntur nulla alias magnam.
390,655,96,5,Aperiam et iusto adipisci sit odit.
391,306,840,5,Illo dicta fugit laborum porro sint neque.
392,369,583,4,Sed ipsum accusamus expedita autem asperiores amet.
393,520,92,5,Praesentium vero accusantium voluptatibus quo id quos.
394,715,959,3,Molestiae numquam ipsa labore cupiditate.
395,484,204,3,Esse necessitatibus corporis quaerat nostrum maxime eaque.
396,629,953,2,Atque vitae aliquid temporibus deleniti nihil.
397,428,219,4,Aut error mollitia nulla ad praesentium occaecati molestias.
398,984,242,3,Enim in debitis doloremque perferendis.
399,219,324,5,Fugit vero perferendis unde commodi odio quibusdam.
400,315,91,3,Fugit magnam inventore dignissimos.
401,131,341,1,Similique deleniti voluptatibus.
402,821,895,4,Minima ducimus exercitationem itaque praesentium modi.
403,514,974,2,Non velit eligendi ex distinctio voluptates eum.
404,868,348,5,Repellat eligendi nam aspernatur ut error repellendus ab.
405,781,907,5,Rerum sint blanditiis recusandae eius minima.
406,377,1000,5,Fuga dignissimos excepturi perferendis.
407,933,665,1,Quae quaerat alias itaque molestias facilis.
408,530,793,5,Eaque vel incidunt tempora.
409,381,815,4,Nulla explicabo quaerat ullam nulla commodi.
410,38,637,3,Recusandae explicabo quisquam voluptate.
411,104,846,4,Impedit ipsum magni quaerat totam.
412,336,510,5,Totam culpa cum.
413,377,651,3,Provident quas dicta autem pariatur iste.
414,480,908,1,Distinctio incidunt eos praesentium.
415,715,960,2,Eligendi deleniti totam molestiae possimus soluta iste.
416,30,407,5,Quam corporis nemo ullam.
417,795,423,3,Exercitationem corrupti ea velit mollitia temporibus doloremque.
418,838,328,4,Provident id dolorum animi.
419,873,583,3,Laborum tempora magnam.
420,67,333,4,Facilis accusamus id odit.
421,889,282,2,Assumenda nostrum reiciendis dolore molestiae asperiores autem.
422,99,11,1,Debitis nostrum mollitia beatae perferendis debitis delectus.
423,876,32,5,Vitae quae neque iure voluptatum.
424,198,69,1,Alias vel commodi sed facilis rerum voluptatum.
425,348,690,3,Delectus fuga perspiciatis illum.
426,43,530,3,Deleniti praesentium quo inventore ducimus veritatis eius.
427,244,994,5,Eligendi hic nostrum fugiat quam.
428,282,771,3,Ad ipsum quos dolorem aut inventore.
429,40,289,4,Praesentium sint labore itaque deserunt animi.
430,975,282,2,Delectus occaecati facere earum numquam libero.
431,470,41,2,Eius beatae impedit id.
432,264,434,2,Exercitationem eius non illum aspernatur adipisci.
433,80,988,2,Eveniet architecto qui distinctio consequuntur laudantium omnis.
434,773,844,4,Voluptates veniam officia laudantium.
435,924,23,3,Dolores magnam ab maiores ducimus.
436,234,396,2,Rem veniam consectetur fuga perspiciatis distinctio.
437,790,193,3,Accusamus amet ratione iste dolorum.
438,15,287,1,Porro eaque nulla corporis nemo.
439,235,634,2,Fugit dolor necessitatibus fugiat.
440,536,611,4,Eius harum in quae.
441,686,267,4,Fuga quas officia repellendus deserunt.
442,801,642,3,Illum perspiciatis vitae maiores delectus est possimus.
443,290,851,4,Suscipit corrupti consectetur eos veniam.
444,518,712,5,Praesentium alias eius pariatur recusandae nesciunt iure.
445,762,121,3,At fugit dolores dicta.
446,874,359,3,Totam accusantium quae nam nam itaque facilis.
447,721,588,2,Consequuntur vitae laborum dignissimos ullam cupiditate.
448,706,391,5,Optio cupiditate dolore aperiam.
449,727,237,4,At minus ex magni ipsa dolore.
450,503,450,3,Magnam iste repellat fuga accusamus tenetur.
451,127,427,5,Autem omnis cum praesentium.
452,660,502,2,Aliquid mollitia nisi unde fugiat voluptas.
453,626,93,1,Illo veritatis doloribus voluptate.
454,589,291,5,Debitis cumque quis aut at praesentium eaque.
455,960,609,5,Occaecati laborum quasi accusamus et voluptatem impedit.
456,69,755,1,Iste adipisci cum in.
457,332,149,1,Tenetur quidem odit eveniet eum consequatur consequuntur.
458,775,904,5,Saepe sapiente fugit quia corrupti quia.
459,374,846,1,Dolore repudiandae doloremque odio.
460,165,515,5,Cupiditate dolorum nesciunt sint ducimus.
461,76,535,5,Nam aperiam aliquam consectetur.
462,687,452,1,Perferendis illum sint sunt eum iste libero.
463,876,14,1,Placeat explicabo in quibusdam.
464,60,885,3,Illo quo similique sit occaecati quas.
465,653,773,4,Sint a neque incidunt.
466,624,691,4,Doloremque delectus minus facilis totam ea.
467,188,575,5,Vitae nam facere eum iure.
468,217,248,5,Unde adipisci ipsa autem reiciendis similique recusandae.
469,752,876,3,Perferendis eum officia accusantium blanditiis.
470,634,799,4,Repudiandae perferendis praesentium quasi non veniam dignissimos.
471,27,189,4,Tenetur deleniti quasi ratione.
472,451,706,5,Delectus esse repellendus officia optio accusantium.
473,226,237,3,Velit dolor sint recusandae possimus autem placeat.
474,228,10,1,Occaecati in officiis cum quasi suscipit debitis.
475,983,381,2,Possimus officiis doloremque quae quidem.
476,25,989,3,Voluptatem et est incidunt natus hic veniam.
477,499,627,4,Ea eos quis porro.
478,806,2,4,Eum laboriosam ipsa excepturi.
479,250,718,3,Blanditiis occaecati natus similique explicabo.
480,783,916,5,Facilis assumenda ad omnis.
481,134,46,3,Nostrum deleniti quis.
482,993,750,2,Distinctio nobis omnis aperiam.
483,489,526,3,Asperiores quasi architecto eius nam sit.
484,86,595,2,Odit qui impedit id magni.
485,903,264,2,Quasi asperiores numquam aut.
486,729,706,2,Exercitationem incidunt quidem rem mollitia eveniet reiciendis.
487,898,702,3,Veniam expedita quod quae dolores quasi unde.
488,225,824,5,Eos quasi error est vero.
489,667,653,4,Cum omnis voluptatem voluptatum accusamus.
490,157,661,3,Magni cum iusto asperiores molestias repellat ullam.
491,459,321,3,Eligendi sed explicabo praesentium error iste.
492,269,851,5,Distinctio quam repellat sequi.
493,781,389,2,Ipsam totam laboriosam necessitatibus.
494,251,570,3,Fugit autem minus.
495,851,986,5,Reiciendis provident doloribus reprehenderit.
496,356,367,4,Nostrum quo quos numquam.
497,168,45,4,Perferendis ducimus deleniti nobis itaque inventore.
498,573,453,5,Vero deleniti similique veritatis ut molestiae rerum quam.
499,160,506,1,Amet saepe odio a libero eum.
500,234,233,5,Nostrum dicta repellendus nostrum.
501,584,219,5,Rem sed voluptate possimus maiores saepe repudiandae nesciunt.
502,111,119,4,Quia rem quas enim magnam dolore.
503,425,77,1,Dolores corporis dolorum.
504,444,664,4,Aliquam dolorem fuga porro.
505,165,855,1,Distinctio praesentium repellat itaque maxime iste.
506,852,159,4,Odio aspernatur impedit asperiores repellendus qui.
507,169,707,4,Doloremque possimus mollitia dolore ullam vero quae.
508,437,855,3,Fugit optio accusamus earum facere.
509,181,997,3,Perspiciatis nisi laboriosam tempora sed sed ratione.
510,960,804,5,Omnis eveniet tenetur eligendi itaque nam magni.
511,703,445,3,Quia corporis facilis delectus officiis quibusdam.
512,734,429,1,A impedit dolorum expedita iste.
513,549,864,5,Tenetur praesentium cumque quis cumque inventore earum.
514,692,793,3,Hic eius fugiat eum.
515,509,713,2,Assumenda veritatis animi soluta.
516,441,155,2,Ex quae molestiae doloribus aut ex qui.
517,773,148,5,Adipisci maiores in quisquam excepturi aperiam eum.
518,375,415,4,Deserunt veniam sequi ea quae.
519,952,684,3,Aperiam officia odit eum perferendis.
520,610,430,2,Quas esse ipsum quo nobis repudiandae reiciendis aliquam.
521,498,167,1,Accusantium sit provident suscipit ea animi.
522,148,706,4,Deserunt sed alias quos reprehenderit exercitationem facilis.
523,195,184,2,Eveniet corrupti quis fugiat architecto necessitatibus.
524,645,969,3,Quo est eius dignissimos delectus quidem architecto.
525,667,762,2,Natus dolorum laboriosam veritatis aperiam.
526,87,347,5,Sint temporibus perspiciatis modi praesentium blanditiis.
527,916,390,5,Corporis perferendis ea tempora.
528,343,446,3,Distinctio rerum soluta.
529,584,61,3,Error quidem cumque esse aliquam quam provident quam.
530,842,838,3,Sequi recusandae cupiditate dolores aspernatur.
531,732,520,3,Et eos similique maxime.
532,212,678,4,Sapiente adipisci culpa sapiente.
533,807,197,2,Quisquam ipsum aliquam maiores doloremque.
534,251,655,5,Dolor aspernatur eos eveniet neque eligendi saepe.
535,862,362,5,Perspiciatis corporis labore asperiores id.
536,455,755,1,Quibusdam possimus itaque nesciunt provident dolorem rerum.
537,699,847,3,Libero nulla excepturi omnis.
538,804,492,1,Similique voluptatibus necessitatibus excepturi ab aperiam.
539,372,919,1,Dignissimos totam atque corporis.
540,723,410,4,Delectus odio incidunt debitis.
541,770,569,4,Animi illo exercitationem tenetur.
542,631,435,2,Labore ex debitis debitis odio ea.
543,261,630,4,Quo harum occaecati.
544,776,597,2,Veritatis consequuntur laborum eligendi fugit architecto.
545,970,84,3,Cupiditate distinctio blanditiis excepturi et.
546,611,759,3,Nulla officia voluptate possimus exercitationem.
547,881,312,4,Explicabo sit earum culpa qui eaque perferendis.
548,303,245,5,Voluptatum esse dicta sint eum eligendi doloribus.
549,118,393,4,Veritatis explicabo unde laboriosam excepturi quisquam tempore.
550,865,599,5,Odit quisquam incidunt fuga esse.
551,137,912,5,Dolor aut minus porro dolorum perferendis.
552,34,264,4,Consequuntur vel sapiente assumenda.
553,688,641,1,Velit sed eligendi ratione aperiam officia.
554,154,44,5,Nobis earum sunt ut tenetur.
555,684,826,4,Ab exercitationem reprehenderit architecto error officiis amet.
556,363,284,5,Doloribus magni id accusantium voluptate id qui consequatur.
557,985,461,2,Doloribus aperiam velit ad est.
558,669,43,2,Aliquid animi cupiditate consequuntur.
559,499,462,3,Iure veniam fugit dicta id id dolorem corrupti.
560,477,164,3,Doloribus animi aut occaecati autem cumque quis.
561,865,455,2,Voluptate itaque autem aperiam harum atque soluta.
562,129,426,2,Quae architecto tempora architecto sapiente consectetur.
563,833,826,5,Odio alias amet neque consequatur.
564,756,390,4,Non earum occaecati debitis.
565,196,868,4,Ex nihil harum dignissimos.
566,390,142,4,Harum beatae quasi consequuntur velit nemo tenetur.
567,702,794,2,Quia pariatur error aut.
568,628,284,4,Numquam officiis culpa occaecati sit explicabo.
569,721,46,2,Voluptate et laborum.
570,728,817,4,Culpa minima beatae incidunt.
571,223,550,4,Doloribus dolore ratione nulla autem sequi asperiores quod.
572,510,422,1,Ut ea distinctio explicabo eum.
573,949,591,4,Nemo ut non vel.
574,986,852,1,Occaecati ipsum praesentium asperiores incidunt.
575,564,143,2,Numquam libero est eaque.
576,335,731,4,Similique error impedit officia dolorum.
577,624,876,1,Reiciendis ab voluptas illum.
578,711,405,2,Similique incidunt inventore quos nulla non.
579,650,52,3,Nam ipsum dolorum sapiente hic tempore molestiae maiores.
580,650,46,1,Cum quos asperiores libero.
581,67,949,2,Perferendis consequatur magni ratione fugiat nemo eos illo.
582,426,766,3,Placeat voluptatem officiis sed.
583,729,934,5,Deleniti voluptatum totam molestias.
584,916,393,1,Nobis odio quos molestias illum nihil.
585,359,597,2,Tenetur hic doloribus incidunt tempora commodi labore.
586,502,404,5,Eum id deleniti ea beatae ipsam doloribus in.
587,148,898,4,Veritatis quidem quia sequi veniam harum architecto.
588,696,743,2,Sunt possimus molestias quo at laudantium temporibus.
589,414,740,1,Enim rem deserunt culpa expedita natus hic saepe.
590,7,937,5,Sapiente quisquam molestias aperiam saepe aut.
591,98,613,4,Eos delectus nisi culpa nulla.
592,941,582,5,Quae eveniet veniam ducimus totam voluptatem voluptates.
593,387,199,1,Rem beatae eius nobis distinctio facilis ipsa perspiciatis.
594,939,533,1,Aut exercitationem nisi ad facere quod dolorum.
595,64,572,1,Expedita voluptate porro sunt blanditiis.
596,83,872,5,Optio labore adipisci rem fugiat voluptate exercitationem.
597,689,138,2,Numquam iusto cum recusandae.
598,928,898,2,Esse unde facere rerum libero.
599,745,892,2,Eos labore officiis similique recusandae corrupti dolores pariatur.
600,913,489,1,Doloribus corporis veritatis aut nisi natus natus.
601,59,793,3,Voluptates nisi optio inventore quis sed rerum.
602,813,765,4,Animi sed suscipit.
603,227,787,3,Dignissimos accusamus aliquid ex aut vitae.
604,958,256,1,Tenetur repudiandae molestiae nulla ratione dicta.
605,492,67,4,Esse minima pariatur.
606,362,76,3,Laudantium fuga consectetur aperiam tenetur.
607,29,58,3,Iste exercitationem totam aliquid eum minima.
608,470,771,3,Facilis delectus quam.
609,398,329,3,Qui cumque optio.
610,20,665,3,Enim beatae qui accusamus.
611,175,153,4,Quam ut aliquam aliquam ad cupiditate qui est.
612,918,994,5,Sit ex modi nam ut.
613,9,504,1,Pariatur deserunt eaque assumenda animi temporibus nobis nihil.
614,173,233,5,Sed voluptatem doloribus iure est porro.
615,254,431,5,Quidem vero laborum minima veniam qui.
616,672,319,3,Minima nemo totam aliquam et laborum.
617,602,59,3,Placeat beatae tempore numquam quaerat nisi hic.
618,163,301,2,Similique voluptatum similique.
619,701,628,4,Itaque tempore cupiditate tenetur nostrum sit voluptate.
620,471,365,5,Dolores occaecati atque praesentium.
621,209,711,3,Praesentium voluptatem magni labore.
622,778,864,1,Laborum repudiandae qui blanditiis itaque.
623,129,320,1,Deleniti magnam ad officia nam libero.
624,294,570,5,Suscipit deserunt repudiandae quaerat error totam.
625,850,675,1,Odit adipisci voluptatum.
626,551,515,2,Excepturi ratione distinctio.
627,245,138,3,Commodi facere a tempore officia aut.
628,796,997,4,Sequi enim minus consequatur itaque unde.
629,19,866,1,Sit fugit maxime tempora.
630,393,799,3,Repellat praesentium debitis voluptatem expedita assumenda.
631,181,961,5,Unde praesentium totam aliquid enim neque.
632,192,672,4,Consequatur quisquam fugiat quae cum quae eius.
633,475,455,5,Aliquam voluptatibus laboriosam voluptates voluptate cum aperiam.
634,67,768,5,Nesciunt minus modi ducimus.
635,945,432,4,At quam voluptates voluptates reiciendis inventore.
636,456,419,4,Aliquid dolorum sapiente pariatur ducimus.
637,266,674,1,Nostrum vero amet nam.
638,128,796,4,Praesentium exercitationem iusto sapiente ducimus.
639,542,977,3,Aliquam quis est nulla nobis sit.
640,782,128,1,Veniam nulla ipsa voluptatum provident illo.
641,35,608,3,Assumenda veniam veritatis.
642,2,705,4,Sunt in quas excepturi voluptates voluptatum.
643,952,625,3,Eius necessitatibus amet asperiores.
644,255,615,2,Totam sed reiciendis.
645,480,263,1,Alias incidunt qui amet nihil fuga.
646,516,175,5,In itaque minus porro accusantium in nam.
647,722,900,2,Tempora voluptatum magnam quisquam.
648,633,782,5,Reprehenderit ut itaque.
649,978,415,2,Repellat minus commodi.
650,233,652,4,Voluptatem est assumenda similique perferendis.
651,509,418,3,At occaecati id perferendis.
652,841,211,5,Dolorum dolor reiciendis exercitationem aliquam magni id.
653,836,797,5,Laudantium veniam iusto officiis ipsa doloremque architecto.
654,6,373,4,Impedit debitis quibusdam iste beatae.
655,992,292,1,Alias voluptatum praesentium deserunt ab.
656,809,577,3,Facere soluta aliquam modi.
657,132,135,5,Atque totam dolore.
658,374,61,2,Sunt expedita fugit quasi sequi provident nulla.
659,87,525,2,Expedita maxime at quod illum est molestias.
660,665,601,2,Blanditiis ipsum odit ullam maxime maiores.
661,598,242,1,Nam fuga quidem error saepe.
662,502,257,1,Impedit reprehenderit nam qui esse hic itaque cumque.
663,819,197,5,Sint sequi in veritatis facere atque.
664,590,701,4,Suscipit et atque quis ab ut.
665,106,586,4,Illum rem nisi fugit debitis.
666,482,567,1,Quos ullam tempora tempora temporibus aperiam voluptatum.
667,67,753,5,Nulla officiis ad ab.
668,91,684,3,Odio quidem in quod.
669,795,940,3,Quod beatae incidunt quo voluptatum repellendus aspernatur.
670,532,22,3,Ullam quia nostrum modi.
671,31,587,2,Deserunt labore earum sapiente praesentium earum similique.
672,144,916,4,Earum recusandae ipsam quod rem non.
673,682,874,5,Debitis in iusto quis laboriosam tenetur.
674,743,425,5,Alias dolores exercitationem voluptatibus voluptatum.
675,260,155,2,Praesentium quod quos reprehenderit.
676,654,936,5,Numquam minima atque aliquid labore excepturi consectetur.
677,206,241,1,Earum fugiat molestiae nulla accusamus.
678,92,270,1,Reprehenderit placeat quasi dignissimos.
679,20,309,2,Cumque quibusdam quidem ex illum impedit pariatur.
680,232,883,3,Quidem quidem maiores tempore ab.
681,638,317,4,Reiciendis doloremque laudantium quisquam.
682,372,714,2,Cum maiores repellat illum itaque recusandae qui.
683,83,113,5,Eius iure numquam quas dicta sequi a.
684,658,167,1,Atque voluptatem consequuntur facere est.
685,360,932,5,Impedit mollitia illum molestias dolore similique molestiae doloribus.
686,774,350,5,Totam veniam quidem inventore veritatis et.
687,111,753,5,Perferendis autem deleniti omnis nostrum.
688,582,987,1,Eius molestias illo maiores atque perferendis natus.
689,767,355,4,Iste aperiam incidunt quam velit quia eaque.
690,581,398,4,Dolor magni officia iure veritatis.
691,550,932,3,Ea temporibus nihil temporibus odio magni.
692,617,905,5,Officiis voluptate et numquam mollitia ipsum voluptate.
693,702,146,4,Quibusdam optio ut quasi veniam animi.
694,287,164,2,Dicta ipsa odio sit dolor.
695,865,225,1,Odio officiis ex asperiores quidem doloremque eum consectetur.
696,230,559,1,Unde reiciendis consectetur mollitia eius excepturi quis.
697,221,275,4,Sed asperiores sunt qui accusantium ut totam cumque.
698,512,679,4,Officia quam mollitia at atque quisquam.
699,955,603,3,Eum id ut voluptates culpa nulla.
700,309,229,4,Eveniet optio cupiditate rem iusto tempora cumque.
701,742,389,4,Ipsam totam consectetur modi.
702,867,270,3,Totam illum officiis rem dolorum mollitia minus.
703,255,244,2,Voluptas incidunt optio autem quia tempora dolores minus.
704,929,978,2,Sapiente dolorem libero consectetur.
705,962,888,2,Earum natus assumenda perspiciatis.
706,375,140,1,Dolore quos quos.
707,889,625,1,Molestias ullam iure dolores aut hic consectetur.
708,459,566,4,Quibusdam illo quae dolorem.
709,192,890,4,Illo quae ipsam architecto adipisci blanditiis praesentium.
710,701,326,2,A ratione vero aperiam ratione ipsa enim.
711,931,83,3,Sint vitae doloremque illo minus sed.
712,526,843,4,Ullam rerum temporibus dolores quam.
713,774,800,1,Illo commodi autem omnis.
714,387,211,5,Placeat necessitatibus qui dicta nemo qui.
715,841,242,2,Corporis quod iure voluptatum voluptate atque animi.
716,894,495,3,Possimus rerum quae sit ex.
717,230,901,2,Excepturi repudiandae aut tenetur.
718,944,945,2,Numquam ab doloribus facere.
719,807,219,1,Tempore dolore fuga cum aspernatur.
720,564,817,4,Temporibus nobis iusto inventore maxime consequuntur fuga eum.
721,873,868,4,Distinctio adipisci tenetur pariatur deserunt.
722,398,255,2,Animi aspernatur dignissimos eveniet inventore fuga molestiae.
723,825,116,5,Tenetur blanditiis aperiam eius placeat quis.
724,555,616,5,Eveniet ullam voluptatibus exercitationem architecto beatae.
725,16,326,1,Recusandae dolorem illum ullam minima.
726,934,114,4,Tempora minima dolorum.
727,218,607,5,Dolore vero assumenda eligendi ipsum.
728,466,589,3,Ad quam iste rem esse rem.
729,175,108,4,Nam dicta non facere sequi labore eum.
730,93,436,3,Ab architecto error.
731,723,432,2,Ratione explicabo repudiandae.
732,73,810,5,Consectetur reprehenderit saepe.
733,60,526,2,Maxime animi ducimus dolores tenetur eum cum.
734,417,21,5,Nihil vitae eligendi corrupti temporibus.
735,51,140,4,Accusantium aliquam error veniam eius impedit.
736,467,758,2,Dolorem magni eius fugiat.
737,887,775,3,Explicabo optio eius aut debitis dignissimos voluptatem autem.
738,837,443,4,Nemo vel dignissimos id magnam porro reiciendis.
739,542,593,5,Autem recusandae soluta cum necessitatibus quidem quidem et.
740,935,726,2,Accusamus nobis dolore natus sunt aliquam quidem.
741,284,104,1,Accusantium voluptatem dicta praesentium assumenda repellendus architecto suscipit.
742,523,959,2,Nemo dolores sit quo quis autem.
743,556,960,1,Eum beatae ex ea quas.
744,230,242,1,Blanditiis repellendus perferendis eius labore delectus cupiditate.
745,25,104,3,Modi maxime alias quis.
746,126,30,4,Optio dicta dignissimos.
747,755,816,5,Nisi commodi eaque voluptate.
748,656,51,1,Quis non nesciunt.
749,344,777,4,Ducimus explicabo dolorem dicta ratione assumenda tempore ipsa.
750,499,958,5,Eos inventore ipsa.
751,94,422,2,Quaerat accusantium ullam accusantium.
752,813,461,5,Nostrum repellendus sit aperiam modi.
753,729,526,5,Nostrum a iure amet itaque itaque sit.
754,388,180,4,Quis eligendi harum.
755,350,785,5,Quasi quasi modi accusamus atque.
756,278,239,4,Debitis nemo nemo.
757,480,935,1,Tempore harum ratione perferendis reprehenderit laborum.
758,72,472,1,Dolorum dolor officia esse.
759,553,56,4,Ipsum vitae in nam voluptates.
760,109,272,4,Possimus vitae architecto rerum omnis impedit debitis.
761,317,780,4,Officiis nihil optio rem nihil quis.
762,860,138,5,Eum architecto eveniet explicabo corrupti debitis suscipit.
763,396,199,1,Tenetur autem unde adipisci.
764,87,771,2,Dolore repellat occaecati repudiandae.
765,217,316,1,Dolore nobis quia voluptas esse.
766,759,990,4,Reprehenderit doloribus ullam nihil temporibus.
767,136,422,3,Doloribus repellendus doloremque dicta ipsa consequuntur odio eius.
768,141,146,4,Adipisci tenetur tempore quasi sunt corporis.
769,817,960,2,Soluta velit voluptas placeat temporibus.
770,828,548,2,Quibusdam ad distinctio quibusdam alias vero.
771,885,567,2,Debitis sunt sapiente.
772,941,299,3,Et eius reiciendis quis quae.
773,591,434,5,Enim veritatis iusto adipisci repellendus.
774,799,534,1,Cumque quis sunt aliquam minus.
775,842,866,4,Temporibus saepe consectetur nesciunt quis.
776,257,345,5,Dignissimos iusto voluptatibus rerum non minus.
777,207,536,2,Quod earum optio ratione iste nesciunt.
778,991,627,5,Sequi quos officia expedita accusantium.
779,967,836,3,Incidunt aut consectetur commodi deserunt atque reprehenderit iure.
780,371,756,1,Nulla occaecati quasi numquam tenetur.
781,392,633,4,Asperiores rerum tempora asperiores minus.
782,759,781,5,Pariatur iure quia accusamus voluptatibus architecto quidem.
783,128,563,4,Animi nihil facilis omnis architecto voluptatum laborum.
784,35,63,1,Optio natus voluptatibus maxime.
785,25,654,4,Sunt officia hic beatae.
786,714,335,3,Similique officiis ab vel repudiandae voluptas suscipit voluptatum.
787,586,532,4,Autem dignissimos ducimus eum repellendus repellat maiores.
788,513,513,5,Rem fuga ipsam laboriosam incidunt.
789,424,331,4,Possimus quam illum in dolorum.
790,233,218,1,Esse nostrum aut rem dolor ipsum eum.
791,248,72,3,Laudantium ab repellat sed beatae.
792,392,431,3,Magni perferendis dolores ex sint.
793,686,473,4,Quia delectus quidem cumque.
794,839,6,1,Deleniti est eos quaerat dolor cupiditate nihil.
795,589,229,5,Explicabo iure totam facere porro.
796,916,64,4,Odio tenetur molestias.
797,83,287,5,Recusandae neque iste reprehenderit dolor asperiores delectus.
798,787,358,1,Placeat enim cupiditate deleniti consectetur exercitationem tempore.
799,630,678,5,Reprehenderit velit a necessitatibus voluptate maiores.
800,419,309,4,Atque fuga praesentium vel.
801,755,597,1,Reiciendis totam harum ipsam fugit mollitia repellat quibusdam.
802,437,651,5,Aut provident magnam repellat facilis cupiditate.
803,686,103,3,Provident nostrum deserunt velit.
804,639,123,5,Nisi aut eligendi iure.
805,721,769,2,Numquam inventore laboriosam molestias.
806,829,30,5,Illo eligendi culpa quod vitae doloribus quam.
807,121,170,1,Repellat tempore dicta placeat corporis vitae.
808,721,984,3,Sequi assumenda corrupti dolor.
809,979,178,4,Aut animi fuga asperiores ex.
810,182,338,5,Qui accusantium commodi perspiciatis ad itaque.
811,28,164,4,Eveniet neque deserunt dicta odit et veritatis.
812,13,813,4,Accusantium tenetur minus tenetur.
813,231,684,1,Recusandae architecto exercitationem quibusdam debitis nesciunt.
814,241,739,1,Odio enim quia temporibus.
815,603,341,3,Aperiam natus laudantium ab ducimus ullam nostrum.
816,350,895,3,Officia modi eligendi.
817,878,591,2,Voluptates esse error nobis quos.
818,800,81,3,Commodi sequi nisi nulla nobis a nam.
819,263,900,1,Ut libero assumenda minus.
820,977,256,1,Dolores natus dicta nesciunt animi aliquid dignissimos.
821,835,63,5,Sint doloremque neque eligendi nesciunt voluptates adipisci ullam.
822,318,1,1,Fuga debitis aliquam ut voluptatibus.
823,404,680,5,Tempore quos corporis aspernatur iste molestiae.
824,450,767,5,Repellendus dignissimos minus nobis provident vel.
825,354,828,1,Veritatis dolores velit laborum quidem.
826,199,677,2,Sunt veniam non quaerat nemo dignissimos.
827,899,951,4,Modi laboriosam dicta nam.
828,285,478,3,Nulla numquam optio.
829,797,938,3,Repellendus beatae ducimus.
830,899,409,1,Laudantium asperiores consectetur aliquam architecto quibusdam eius deleniti.
831,161,379,1,Et in voluptatibus.
832,525,371,3,Aperiam distinctio doloribus numquam veniam aliquid aliquam.
833,355,846,2,Debitis voluptas quos nisi autem soluta aperiam.
834,409,207,2,Nulla illo amet doloremque.
835,348,165,5,Sapiente ea occaecati sed eveniet mollitia.
836,99,55,1,Modi eos omnis corrupti tempora rem enim dignissimos.
837,228,799,2,Nemo eligendi fugiat repellendus dolores.
838,83,744,2,Excepturi sit non illo ea omnis.
839,443,747,1,Sit beatae quidem perspiciatis praesentium atque ea.
840,577,267,4,Libero a iure officiis.
841,851,412,4,Assumenda animi harum rem quibusdam ea et.
842,355,159,2,Maiores nam pariatur quisquam deserunt recusandae modi.
843,725,975,1,Molestiae sit deleniti doloribus.
844,795,369,3,Quas saepe voluptatem quae.
845,976,648,3,Maiores sapiente eaque voluptas tempore.
846,851,911,1,Enim dicta odit occaecati voluptates illo praesentium totam.
847,594,590,3,Laboriosam quam quos porro quae itaque.
848,312,490,3,Necessitatibus nesciunt laudantium nesciunt fugiat dicta et.
849,158,269,4,Dolorem saepe aliquam numquam distinctio accusantium.
850,164,363,1,Adipisci in totam totam quos nam.
851,678,105,5,Optio iure ipsum maiores aut.
852,510,198,3,Architecto expedita adipisci fuga quibusdam veniam.
853,592,869,2,Similique iste sed aliquam nesciunt nobis.
854,153,450,4,Eum eius ex nulla hic quia sint ut.
855,90,374,1,Accusamus tempora cumque.
856,898,903,3,Temporibus tempora provident ratione voluptatibus architecto minima optio.
857,637,200,1,Officiis laudantium voluptas architecto.
858,146,60,2,Eum neque quaerat ab quasi modi dolore.
859,753,581,1,Minus unde cupiditate eveniet blanditiis necessitatibus.
860,635,751,1,Architecto quibusdam nihil blanditiis.
861,405,352,1,Assumenda animi architecto.
862,63,464,3,Quis quisquam mollitia architecto beatae asperiores.
863,993,293,1,Beatae maxime eaque voluptatem.
864,705,990,4,Eum dolore veritatis non molestiae consectetur repellendus illum.
865,323,950,2,Quasi quaerat cum consequuntur aliquam quo sapiente.
866,107,677,3,Dolorum natus ut hic.
867,838,334,4,Sunt itaque iure quas iste neque.
868,670,540,1,Sequi enim impedit quos fugiat aliquam.
869,829,186,2,Distinctio aliquam eveniet amet.
870,35,537,4,Quod veniam earum.
871,821,551,4,Odit quo at voluptates placeat doloribus.
872,383,558,2,Inventore consequatur aliquam illum ut inventore ullam aliquid.
873,605,610,5,Maxime asperiores itaque.
874,357,394,5,Laudantium nisi porro saepe tenetur molestias natus.
875,929,144,1,Harum tempora maxime voluptates.
876,915,874,2,Voluptas cumque hic quod omnis nostrum.
877,832,471,1,Quod harum deserunt amet.
878,449,429,5,Reiciendis ducimus repellat minus perferendis sunt.
879,679,668,1,Accusamus suscipit aliquid itaque magni.
880,488,898,4,Nemo dolores nulla ad voluptatibus dicta minus itaque.
881,910,602,3,Quae repudiandae possimus nam ullam eius laudantium.
882,791,910,1,Vero eveniet odit numquam quisquam accusantium ratione.
883,495,303,1,A suscipit nulla cumque consequatur.
884,849,739,4,Non asperiores laborum omnis suscipit repellat.
885,909,370,4,Libero necessitatibus mollitia soluta occaecati.
886,437,563,3,Dolorum reprehenderit atque praesentium veritatis.
887,671,334,5,Veritatis quam reprehenderit perspiciatis error deleniti incidunt voluptas.
888,683,553,3,Nisi laboriosam repudiandae id iure.
889,607,606,4,Quibusdam dolores doloremque delectus.
890,522,694,3,Quas distinctio illum sequi ea occaecati.
891,368,775,1,Molestiae distinctio qui inventore recusandae eum at.
892,891,215,4,Voluptates veritatis facilis nulla.
893,762,598,4,Iure nulla exercitationem incidunt.
894,324,970,3,Voluptatibus explicabo ipsam accusantium molestiae.
895,609,947,5,Quasi excepturi ullam velit soluta eum optio.
896,29,857,4,Optio aliquam quod sed.
897,904,552,5,Delectus incidunt fugiat.
898,549,186,3,Earum placeat harum ut.
899,797,198,4,Dolore quis iusto at a id qui excepturi.
900,489,126,2,Fugiat est numquam reiciendis accusantium ipsa vel.
901,394,994,1,Voluptates ab ab quia non dicta soluta.
902,730,709,2,Fuga dolor sed maiores quaerat eligendi magni.
903,458,187,3,Perferendis consequatur voluptatibus ipsum.
904,330,957,5,Facilis maiores facere nam ipsam dicta.
905,11,303,2,Error dolorem corrupti inventore non ut veniam magnam.
906,445,386,2,Temporibus ex voluptatum repellendus quos vero.
907,462,234,4,Error ex repellendus accusantium praesentium eum ab.
908,120,189,2,Cum quisquam dicta.
909,685,876,5,Numquam occaecati molestiae est provident labore dolor similique.
910,677,451,4,Ex magnam enim soluta libero.
911,353,291,1,Nostrum rem ullam repudiandae.
912,118,907,3,Voluptates delectus necessitatibus voluptatibus quam eos.
913,192,34,1,Nihil quia quae ea cumque.
914,822,360,4,Laborum perferendis dolor eum.
915,40,172,3,Ipsam dicta ipsum.
916,623,119,2,Suscipit eaque eos illo ab soluta at.
917,284,218,2,Quas minima minima culpa.
918,931,28,4,Quibusdam dolores nesciunt quo dolores.
919,98,442,5,Animi in sequi deserunt neque.
920,522,312,2,Quisquam consectetur veritatis ratione sequi magni.
921,161,457,5,Illum nisi fugiat nostrum harum cumque magni iusto.
922,891,617,1,Sunt voluptatum nulla nemo a.
923,624,299,3,Culpa autem laborum voluptas perspiciatis amet.
924,736,688,1,Vel culpa recusandae reprehenderit facere.
925,827,751,4,Repellendus odit totam laboriosam asperiores.
926,503,506,3,Nesciunt voluptate recusandae ex.
927,16,417,1,Temporibus fugit repudiandae.
928,882,722,2,Tenetur nostrum nostrum vitae vitae quas.
929,514,648,1,Fugiat quaerat assumenda repellendus possimus.
930,896,992,3,Amet sint tenetur veniam nemo blanditiis atque.
931,363,418,5,Laboriosam a atque pariatur dolore quam.
932,550,723,1,Molestiae dolor facere velit debitis.
933,71,712,2,Assumenda error facere quidem.
934,342,210,2,Odit reprehenderit quidem consectetur libero.
935,91,275,1,Aperiam illum sapiente.
936,219,212,1,Neque officia exercitationem.
937,149,280,3,Tempora sint facere autem blanditiis.
938,959,914,3,Repellat quisquam officiis atque sapiente ducimus sequi.
939,312,635,4,Quasi consectetur dolore odio.
940,162,762,4,Debitis commodi minima exercitationem.
941,766,577,2,Possimus incidunt animi accusantium illum officia quaerat.
942,364,810,4,Omnis neque ducimus reprehenderit magnam repellendus enim.
943,902,98,3,Vel cumque quibusdam commodi dignissimos eaque sapiente minima.
944,469,981,4,Natus asperiores praesentium error.
945,278,233,2,Odio voluptatibus eligendi autem asperiores nihil.
946,895,581,3,Consequuntur dolores sunt perspiciatis ipsum facilis et.
947,128,850,2,Excepturi eos culpa quo.
948,757,470,2,Iusto corporis placeat illum pariatur quidem recusandae.
949,234,729,5,Adipisci quia iusto dolorum deserunt.
950,512,282,5,Delectus ratione excepturi possimus corrupti.
951,122,454,1,Nisi laudantium accusamus architecto quidem illum aliquid.
952,293,84,4,Corrupti excepturi esse voluptas.
953,999,496,2,Asperiores cum natus.
954,12,855,4,Placeat explicabo amet unde omnis perferendis ducimus possimus.
955,780,1,1,In ex vel inventore.
956,990,791,3,Magnam inventore occaecati dolorem.
957,213,230,3,Aperiam repudiandae qui delectus dicta.
958,552,979,2,Velit iste quasi accusantium laborum.
959,378,713,4,Dolorum sapiente vitae alias.
960,613,835,2,Illo commodi in excepturi dolor.
961,351,949,2,Tempore labore minima voluptatibus illum.
962,992,940,2,Autem nostrum commodi cupiditate iusto maxime blanditiis.
963,725,159,1,Veritatis nihil officia illo iste autem.
964,837,971,4,Excepturi provident expedita laboriosam.
965,329,612,3,Eveniet tenetur dolore rerum.
966,545,129,4,Iste deserunt porro optio nobis quod a.
967,622,728,5,Vero repellat voluptates.
968,385,486,2,Mollitia non enim natus commodi iusto molestias.
969,283,182,4,Excepturi dignissimos ab.
970,280,266,5,Illo necessitatibus occaecati quo.
971,368,149,4,Soluta repudiandae delectus aspernatur.
972,495,774,4,Eveniet blanditiis quae.
973,384,947,4,Quod est temporibus consectetur inventore ipsa dolores.
974,397,101,3,Velit possimus vel maiores inventore neque tempora.
975,885,883,5,Dolor architecto praesentium atque architecto saepe culpa.
976,513,92,1,Perferendis tempore eum aperiam.
977,205,367,1,Adipisci in quae pariatur aspernatur enim at.
978,622,87,1,Sapiente eum nostrum quos voluptates itaque.
979,682,363,5,Non mollitia iusto possimus.
980,955,797,4,Numquam veritatis enim perspiciatis sequi.
981,78,590,5,Accusamus nemo facere libero delectus.
982,785,792,3,Facere soluta eligendi nobis adipisci labore tempore.
983,334,338,3,Nemo voluptates rerum commodi et maiores.
984,431,730,3,Aut dicta odio atque accusantium optio optio.
985,155,729,4,Autem ducimus magni vel.
986,334,711,5,Eius id veniam ducimus saepe officiis laborum.
987,533,491,2,Eum eius blanditiis aut.
988,536,290,1,Harum id consectetur aut delectus.
989,256,737,1,Sed quasi ad quos totam sint odit.
990,697,91,5,Quod aut excepturi perferendis veritatis iure.
991,203,220,1,Quis expedita tempore quaerat eos.
992,665,650,1,Sed reiciendis saepe dignissimos.
993,374,174,3,Eligendi expedita sit.
994,140,779,3,Quia facere fugiat tenetur officiis velit iste.
995,490,550,5,Repudiandae laboriosam reprehenderit doloremque asperiores ullam.
996,564,966,3,Eveniet ipsa eveniet cum sit.
997,936,252,5,Facilis quo aliquid perferendis.
998,175,802,3,Alias nemo sit earum dolore a cum.
999,191,546,4,Aut quia atque exercitationem laboriosam molestias ipsa deleniti.
1000,395,708,5,Impedit vero ratione facilis omnis quam.
