user_id,name,email,created_at
1,Juan Pablo Prat Figuerola,huguetfederico@hotmail.com,2020-02-15 10:56:06
2,Arturo Múñiz Pardo,federico00@gmail.com,2024-07-01 15:39:22
3,Andrea Cid-Morcillo,hsalazar@valenzuela.es,2024-04-26 12:35:48
4,Fulgencio de Calderón,arinotomasa@hotmail.com,2023-03-03 02:27:57
5,Nicodemo Río Porras,marcial05@hotmail.com,2024-04-05 03:20:24
6,Adriana Carmona Vilar,ocerro@urena.org,2022-07-03 10:23:30
7,Gabriela Amaya Batalla,vtrillo@linares.com,2021-03-21 00:18:19
8,Martín Viñas Calleja,olivanando@villalobos.com,2020-04-18 21:35:45
9,Anselmo Serna Criado,marcelino10@bou.com,2024-11-11 00:55:46
10,Edgardo Prieto,puigmaria-luisa@pelayo-ferrando.com,2021-05-06 03:43:04
11,Ainoa Prada Gallego,victorquintero@hotmail.com,2020-06-28 10:03:00
12,Reinaldo Baquero Bilbao,lamasodalys@barco-castrillo.com,2022-11-01 02:31:39
13,Clímaco Ezequiel Mayol Sans,manuelarevalo@hotmail.com,2022-01-06 09:02:37
14,Renato Oliver Varela,luis00@barcelo.es,2020-07-15 18:31:00
15,Débora Font Pozuelo,noe75@hotmail.com,2021-04-07 08:25:07
16,Julián Faustino Arribas Coello,peralesramona@bejarano.com,2021-04-18 05:47:47
17,Plinio Barrios Pareja,tiradobenjamin@aguado-bermudez.net,2025-02-14 05:17:09
18,Belén de Saldaña,renevalenciano@tapia.net,2021-02-24 22:51:24
19,Íngrid Revilla Giralt,nilda48@berenguer.net,2023-10-31 15:46:36
20,Valeria Domingo Cornejo,andres-felipe63@carrion-carrillo.es,2024-10-10 21:58:49
21,Fabiana Eva María Duran Valderrama,buendiaflorentina@rocha-montserrat.es,2024-09-06 19:15:19
22,Angelino Arcos,rodolfojuan@gmail.com,2021-11-10 13:27:23
23,Lucila Ruiz Morales,caridad56@jordan.net,2024-01-06 04:16:57
24,Maximiliano Meléndez Acero,pascual95@yahoo.com,2020-03-26 15:38:13
25,José Ángel Soriano Almansa,zegea@casal-cortes.es,2025-07-10 04:18:23
26,Faustino Moliner,mesaalbert@portillo.com,2025-01-07 12:32:35
27,Malena Madrid Exposito,leonormarin@yahoo.com,2024-11-21 03:20:59
28,Gaspar Lope Lorenzo Cañete,agapitoamaya@gmail.com,2025-07-20 11:33:57
29,Amada de Figuerola,rodenasjuan@camino.es,2023-07-18 13:33:26
30,Juan José de Palacios,mireia04@valera.es,2025-05-08 15:52:18
31,Milagros Primitiva Pascual Roldan,victoriano94@yahoo.com,2023-05-22 20:42:16
32,Chuy de Piñeiro,cecilio23@yahoo.com,2021-02-02 00:19:36
33,Manolo Cobos Santamaría,solsonarosalina@yahoo.com,2023-01-27 05:48:05
34,Esther Cardona Medina,abalaguer@nadal-santiago.com,2023-05-26 14:12:12
35,Azahara Rios-Royo,bdiez@gmail.com,2024-02-18 14:44:53
36,Roldán Botella Yáñez,amatleon@davila.com,2023-03-26 23:42:36
37,Carlota Melania Giménez Verdejo,rosalinda35@diaz.com,2020-10-21 09:49:36
38,Úrsula Rodriguez Luna,kpena@yahoo.com,2020-12-09 01:47:25
39,Remigio Benito Medina,capdevilatono@hotmail.com,2021-07-23 03:07:14
40,María Santamaría Tamayo,vasco75@pujol.es,2022-10-21 04:12:17
41,Aitor Zamora Manuel,rbarcelo@gmail.com,2024-02-23 19:05:24
42,Celestina de Villar,pcerezo@carbajo-mayoral.es,2021-04-23 03:39:35
43,Martina Aguilera Marí,huertasamuel@torre-ramos.org,2021-08-31 00:43:34
44,Cipriano Estevez,garcescelso@varela.es,2020-01-29 12:56:12
45,Lino Cobo Trujillo,felicianobenavente@dominguez-pascual.es,2023-10-07 16:33:06
46,Aureliano Roselló Barral,kgonzalo@yahoo.com,2024-01-06 05:13:05
47,Armando Morell Rivas,azucena83@hotmail.com,2022-07-23 21:10:34
48,Lalo Elías Herrera,salmagro@cid.org,2023-03-10 09:59:50
49,Florentina Lasa Cerdá,candelasportillo@yahoo.com,2020-08-03 13:50:17
50,Candela Manuela Alfaro Pinedo,velazquezcintia@zaragoza-grau.com,2024-05-01 23:48:02
51,Dalila Brunilda Hoyos Cózar,illorente@guardiola.com,2022-07-14 02:02:15
52,Eusebia Soria Sureda,daniel60@gmail.com,2024-11-04 21:01:08
53,Humberto Sobrino Santamaria,amilcartenorio@hotmail.com,2021-08-11 12:56:04
54,Eufemia Moraleda Toro,bcanals@roca-marin.net,2024-10-07 17:07:27
55,Miguel Ángel Garzón Ponce,ferreroalonso@gmail.com,2023-10-24 22:38:44
56,Emilia Campoy Losa,andresgerardo@bravo.es,2021-01-22 02:13:56
57,Manuela Moraleda-Casanova,calistomata@sureda.es,2025-05-24 04:27:22
58,Lina del Mancebo,almagroosvaldo@esparza.es,2024-07-19 22:13:17
59,Pío Cazorla Cuesta,viniciobarragan@yahoo.com,2024-12-19 17:03:15
60,Diego Río,maite00@mercader.es,2025-04-26 04:10:03
61,Ariel Espada Lumbreras,nietojordana@yahoo.com,2020-12-25 21:45:26
62,Aránzazu Concha Arcos Dávila,augusto51@losa-guardiola.com,2020-01-18 23:28:43
63,Azucena Planas Asenjo,fernandamartorell@yahoo.com,2025-01-10 12:22:12
64,Jaime Laguna Múgica,aguijarro@boada.es,2020-04-14 01:44:34
65,Wilfredo Blazquez Quesada,arevalojavier@vergara.com,2025-07-25 15:53:31
66,Néstor Álvaro Badía,herminiogras@yahoo.com,2020-12-13 06:57:23
67,Héctor Ballester Niño,antonia42@hotmail.com,2023-06-01 10:26:02
68,Ainara Alcázar Chico,hamigo@bolanos-mata.es,2023-08-08 19:50:18
69,Jordana del Vizcaíno,anita21@luque.es,2022-07-16 16:00:13
70,Olimpia Ródenas,abrahamcoll@rivas.com,2021-10-01 02:05:28
71,Mayte Falcó Fortuny,gaston30@hotmail.com,2022-05-04 08:40:45
72,Patricia Isabela Rosa Bernat,leon35@gmail.com,2022-06-17 13:01:01
73,Ámbar Salvador Montalbán,ntaboada@fuertes-moll.com,2020-10-04 18:48:13
74,David Carbajo Parra,david12@mayo-garay.es,2024-12-08 01:28:02
75,Leyre Sales Quintana,pelayo32@hotmail.com,2020-10-28 13:15:54
76,Lucía Pinto Canet,escolanofelix@yahoo.com,2020-07-05 17:37:52
77,Violeta Aramburu Quevedo,nmillan@yahoo.com,2023-08-28 15:53:00
78,Andrés Felipe Cáceres Ávila,hectorvilanova@yahoo.com,2020-08-04 18:08:04
79,Ceferino Sales Cobos,roxana50@blazquez.com,2020-07-26 01:13:07
80,Benjamín Juan Francisco Bayo Barros,cocakike@gmail.com,2023-05-02 00:04:40
81,Imelda del Enríquez,fpastor@yahoo.com,2022-08-13 15:27:46
82,Candelaria Escudero Fuente,taboadasabina@gmail.com,2020-06-12 00:56:32
83,Iker Planas Sanmartín,judith85@saez-bolanos.com,2024-12-10 09:20:23
84,Matilde Gisbert Prado,victoria44@vila.es,2025-06-25 07:41:51
85,Nacho Lasa Pizarro,ktorrens@moles-pintor.es,2022-12-04 17:51:26
86,Eugenio Blázquez,moracintia@aranda-salvador.com,2024-11-08 09:32:32
87,Cecilia Rozas Bustos,baudelioesteban@gmail.com,2022-04-15 03:30:23
88,Vinicio Garay-Lillo,adelaidamolins@hotmail.com,2024-07-20 20:50:44
89,Rosalía Gomez Tovar,ramonpaulino@aguirre.es,2022-02-18 08:00:43
90,Alexandra Julieta Arcos Martín,esteban52@bayo-bas.es,2023-02-08 05:20:10
91,Samanta Sureda Frutos,hramis@gmail.com,2023-12-11 01:47:42
92,Jennifer Losa Escudero,epifanio52@gmail.com,2020-07-16 06:01:22
93,Severo de Santana,bernardo57@gmail.com,2021-07-06 14:02:17
94,Dan Aragón Morante,gayagertrudis@yahoo.com,2020-10-27 06:25:22
95,Onofre Vidal Valderrama,regina89@grande-martinez.org,2024-06-25 18:50:07
96,Tristán de Blanch,esteralcalde@heredia.es,2021-06-08 14:21:46
97,Darío Sevilla Aranda,bartolome87@yahoo.com,2022-09-24 04:46:08
98,Carmelo del Acosta,tjulian@yahoo.com,2022-10-21 06:05:06
99,Pelayo Naranjo,julianurrutia@gmail.com,2022-05-06 20:14:13
100,Lucio Palomar Uría,natanael74@hotmail.com,2020-05-13 06:16:27
101,Ulises Sacristán Tormo,phernandez@alcalde.net,2025-02-10 19:43:04
102,Abraham Elías Durán Borrego,uribes@maldonado.com,2020-03-06 11:29:38
103,Cayetano Morillo Osuna,mlanda@duran-torrens.es,2024-04-08 23:12:08
104,Reyna Bustos,jcuellar@yahoo.com,2023-03-31 23:34:48
105,Victoriano Catalá Galindo,avilesmayte@gmail.com,2020-02-20 19:27:54
106,Juan Antonio del Sáenz,lucioportero@bolanos.org,2024-05-29 05:26:11
107,Adelia Gimeno García,benjaminfonseca@redondo.org,2024-04-03 03:04:35
108,Luna Lobo Amaya,alvaradoeladio@alfonso.es,2022-01-05 03:50:54
109,Duilio Echevarría Noguera,landajoaquina@sancho-alberto.net,2023-03-14 00:10:40
110,Dani de Grau,mercadernadia@montenegro.com,2022-03-27 21:10:30
111,Conrado Otero Linares,anabel89@yahoo.com,2023-09-06 05:11:27
112,Dulce Aznar Benítez,palomaresgustavo@yahoo.com,2020-08-16 16:07:36
113,Socorro Pol-Gonzalez,umarcos@arias.com,2020-10-31 14:57:10
114,Macaria Díez Arce,eleuterio26@hotmail.com,2022-07-04 00:36:54
115,Venceslás Noé Blázquez Giménez,inocencio39@gmail.com,2022-07-01 01:13:26
116,Marino Sureda Chaves,sabascal@hotmail.com,2022-12-17 16:06:32
117,Cosme Heraclio Pineda Marin,adelia16@saez.es,2024-09-21 14:44:18
118,Graciana Cervera,amarti@huerta.com,2020-07-11 10:48:33
119,Lalo Barrios-Cervantes,valbuenaroberta@ortuno.es,2021-07-28 08:29:22
120,Amor Rovira Frías,martinregina@hotmail.com,2020-11-21 06:21:42
121,Laura Español Ayuso,wduenas@sanjuan-sastre.es,2020-01-26 06:50:12
122,Loida Almagro-Tomas,sporras@gamez.net,2024-09-28 12:50:27
123,Benigno del Castell,pabloteofila@pallares.com,2022-02-17 07:23:53
124,Dan Martinez Moraleda,gcarro@yahoo.com,2024-03-07 03:04:24
125,Rafa Villegas,marta01@crespi.es,2020-08-01 06:53:03
126,Leandra Acuña,prudencia73@gallego.org,2021-11-08 20:43:02
127,Francisca Mora Uría,ialvaro@hotmail.com,2022-10-28 04:00:26
128,Mercedes Torre Muro,talaverapaulina@hotmail.com,2021-04-03 05:01:51
129,Dimas Armando Gonzalez Franch,pepepera@yahoo.com,2021-12-06 07:05:13
130,Óscar Bellido Arellano,sarmientonestor@canas.net,2020-07-30 07:44:06
131,Dorita Eloísa Luna Gallego,userra@gmail.com,2023-11-20 11:58:38
132,Florinda Casal Acuña,samperamada@gmail.com,2022-04-13 14:25:45
133,Blas Granados Agullo,ccano@hotmail.com,2021-06-27 22:43:32
134,Alba Berenguer Barral,jafetaranda@olmo.es,2023-10-25 03:11:32
135,Leopoldo Pedraza,ygiralt@font.com,2021-08-12 13:41:58
136,Isaías Ferrero Palacio,angladamariana@canales-romero.com,2025-03-30 13:43:40
137,Fidela Falcón Trujillo,susanitavillanueva@alonso-aparicio.es,2022-06-15 20:41:32
138,Lalo Rubio Plana,hfalcon@hotmail.com,2024-06-24 23:06:06
139,Judith Aguirre Cerro,llabresvictor@yahoo.com,2022-07-18 03:53:24
140,Haydée de Guzman,hpardo@yahoo.com,2022-08-01 11:31:46
141,Leonor Rios Moll,ruy26@lopez.es,2024-01-07 12:00:58
142,Herberto Roselló Arjona,wdiaz@hotmail.com,2021-05-13 07:21:50
143,Chema Canales Angulo,maricelabermudez@yahoo.com,2023-03-07 05:46:29
144,Salomón Jordá Pagès,fvalentin@yahoo.com,2023-12-06 01:33:11
145,Sigfrido Teo Céspedes Cáceres,chelo13@yahoo.com,2025-07-21 16:17:54
146,Lorenzo Escalona Díez,carmonachucho@hotmail.com,2021-06-06 12:49:11
147,Amarilis Diéguez Suárez,yolandavarela@belmonte-sarmiento.com,2022-12-25 12:00:25
148,Cebrián Perez,carolinapi@gmail.com,2025-06-30 11:14:36
149,Emperatriz Feijoo Barros,wgarrido@hotmail.com,2023-07-06 21:46:07
150,Eusebia Rincón,mugicaanastasia@coloma-querol.org,2022-04-05 20:07:17
151,Evangelina Doménech Reig,calvoblas@gmail.com,2023-08-08 04:55:22
152,Alexandra Morata Alcalá,vinicio05@yahoo.com,2021-05-10 10:34:32
153,Bernarda Tena Murcia,angela03@hotmail.com,2022-08-04 03:03:02
154,Dionisia Palomino Carbonell,xvall@vila.es,2023-12-17 01:12:08
155,José Rocamora Falcó,aabella@yahoo.com,2020-03-04 03:02:12
156,Blas Zabaleta Álvaro,evangelina74@salva.com,2022-08-26 15:19:54
157,Benjamín Morante Baños,pacifica23@hotmail.com,2021-10-29 18:13:39
158,Serafina Bermejo-Barreda,lucaseloisa@pombo-alcaraz.org,2021-02-25 19:06:45
159,Adora Escribano Múgica,bouedu@hotmail.com,2025-06-25 23:32:58
160,Juan José Santos Luján,fernanda28@huertas.com,2022-07-15 22:32:48
161,Edu Baquero-Piñol,josefa33@fabregas-tur.com,2020-05-14 12:45:52
162,Joel de Arnau,gutierreztoni@gmail.com,2024-11-17 05:00:46
163,Petrona Quintanilla Trillo,pia96@yahoo.com,2020-03-27 11:11:58
164,Albina del Carrión,maximilianoballester@sabater-mancebo.org,2022-02-25 11:27:20
165,Clemente Marc Zamora Hervia,riverocurro@palacio.com,2023-10-25 15:40:48
166,Carmen Campos,hcabrero@somoza.es,2020-07-15 16:34:47
167,Julieta Escudero,teodoromoreno@hierro.es,2024-01-12 23:44:25
168,Julián Gracia Cid,ciriaco31@bartolome.com,2020-12-31 15:09:21
169,Florinda Galvez-Garzón,qacuna@gmail.com,2024-05-24 05:25:00
170,Flavio Múñiz,norbertoamores@garrido.org,2024-10-04 09:49:01
171,Arturo Nicolau,tpenalver@gmail.com,2021-10-14 00:25:47
172,Julie Casals Giner,msoriano@acedo-losada.org,2020-08-12 05:37:38
173,Ariel Pineda Calzada,qpazos@ballester.org,2022-10-24 12:23:42
174,Hermenegildo Comas Garmendia,nazaretllanos@gmail.com,2024-06-02 03:24:52
175,Cristina Blanch Alemany,paolabarcena@gmail.com,2020-10-16 10:56:45
176,Irene Catalán-Rocamora,lherrero@garate.com,2022-05-17 06:48:58
177,Leandro Tolosa Arellano,ycasanovas@cabanas.com,2022-12-07 17:21:44
178,Loreto Barros Mas,nietovirginia@navarro.com,2025-01-24 19:53:05
179,Ámbar Pedrero Ariza,ttapia@gmail.com,2022-11-08 20:52:21
180,Ciríaco Padilla Granados,jose-mariasalamanca@acevedo-peralta.net,2024-07-02 19:41:36
181,Vasco Meléndez Benet,cecilio55@yahoo.com,2023-07-20 05:49:44
182,Juanita Salvà Peláez,teclaverdugo@talavera.es,2020-03-18 08:46:01
183,Estela Sureda Vaquero,caboelvira@gmail.com,2023-03-13 04:36:19
184,Mamen Enríquez Domingo,bertofuster@gmail.com,2025-02-18 07:30:00
185,Emma Río Pinto,baudelio07@clemente-perello.net,2024-12-28 13:59:44
186,Dolores de Vera,revillavinicio@sureda.com,2023-12-25 13:00:55
187,Salud Pintor Torres,espanolpalmira@espejo-chaparro.es,2021-11-09 18:35:09
188,Jesusa Bonet Maza,sanzisidro@robledo.es,2020-03-23 06:43:52
189,María Luisa Diez Teruel,isacristan@pedrero.com,2024-06-19 21:14:33
190,Cloe Rosell Miguel,javibermejo@gmail.com,2021-06-15 00:14:59
191,Jose Francisco Blanca Fuentes,qbenito@gmail.com,2024-09-13 18:35:59
192,Clemente Moya Landa,piabusquets@peinado.es,2020-08-14 05:59:05
193,Maxi Noguera-Arellano,alvaro96@prado-llorente.com,2022-05-28 18:29:02
194,Javier Teruel,pelayo19@quero.org,2022-09-17 17:16:02
195,Ezequiel Ramis-Vila,jose-ignacio28@pol.es,2021-04-08 16:56:28
196,Ana del Barba,romabaltasar@porras.com,2024-10-02 08:12:00
197,Luisa Cornejo Aliaga,olledo@gmail.com,2020-10-07 16:03:36
198,Leandra del Benito,casalemiliano@gmail.com,2023-12-02 22:33:49
199,Donato Fuster-Cerro,javielorza@zabala.com,2021-12-14 14:24:19
200,Leoncio Vazquez Perelló,aaron06@hotmail.com,2020-08-31 20:46:33
201,Francisco Javier Zamora Rosales,castellscruz@pol.com,2020-12-02 14:48:09
202,Constanza Malo Salazar,qojeda@bernat.net,2021-08-17 16:43:16
203,Eli Lucas Juan,regulomoran@yahoo.com,2020-09-30 01:05:57
204,Flora Cervera Isern,brigidaarroyo@rossello.es,2023-02-12 16:46:48
205,Tadeo Real,oriana84@mendoza.es,2023-04-03 12:48:27
206,Calixta Company Vega,dorotea96@gmail.com,2024-11-21 19:10:16
207,Marita Buendía,georgina80@chacon.com,2024-08-13 12:11:31
208,Brígida Tovar Luís,alejandra54@sanmartin.org,2021-12-13 22:22:13
209,Roque Salinas Coll,hsolera@gmail.com,2020-11-09 22:20:09
210,Erasmo Garay Núñez,gracianapineda@gmail.com,2021-12-18 05:59:48
211,Dani Alegria Agudo,trini12@manso.net,2024-03-15 22:52:16
212,Iker Herrero Lluch,valerio03@gmail.com,2022-09-02 19:40:22
213,Ruth Gallo Barceló,agustinadonaire@santamaria.net,2022-10-01 13:30:21
214,Dalila del Hoz,cbonet@garay.es,2023-04-06 05:28:05
215,Patricio Pedrero Alba,virginiamorata@tomas.es,2020-10-23 20:49:59
216,Reinaldo Rosendo Álvaro Sáenz,ffernandez@hotmail.com,2023-01-14 07:43:06
217,Bernardino Ferrer,acabanas@gmail.com,2020-11-26 19:36:54
218,Ramón Feliu Salcedo,jaureguiplacido@canizares-valdes.es,2020-01-23 19:46:39
219,Rufino Ugarte Vazquez,villaverdejulio-cesar@hotmail.com,2020-04-13 17:34:47
220,Santiago Escamilla Martín,adeliabanos@hotmail.com,2024-04-23 04:41:19
221,Amarilis Molina-Salvà,patriciallano@yahoo.com,2022-01-23 11:42:46
222,Lina Luján Coello,flavioarino@pla.org,2025-02-12 02:32:17
223,Juan Francisco de Gabaldón,gvelez@yahoo.com,2021-09-10 08:25:55
224,Juan Pablo Barbero Bayón,marc25@carlos-manzano.es,2023-01-14 19:21:43
225,Leoncio España Madrid,pinolhumberto@higueras.com,2022-12-05 07:10:15
226,Antonio Basilio Barral Zorrilla,carolina25@calzada.es,2023-08-23 22:52:04
227,Ani Lobo Alegria,adolforoda@gmail.com,2023-04-02 23:33:03
228,Roxana Soria Amo,xluna@peinado.es,2024-12-09 05:40:03
229,Aníbal Castelló Bonet,aaronmarti@yahoo.com,2021-11-10 23:27:08
230,Bienvenida Donoso-Narváez,jaimemayol@fabregas.org,2025-03-02 01:58:35
231,Celestino Losa Gabaldón,salmeronester@hotmail.com,2020-05-03 17:36:56
232,Leocadia Moll Ramírez,ycarranza@hotmail.com,2023-03-10 13:54:00
233,Rebeca Donaire Arias,terrongaspar@gmail.com,2024-10-13 02:15:26
234,Luz Sabater Giner,prietoines@yahoo.com,2020-08-12 03:43:23
235,Ariadna Ríos Azcona,pallaresramon@pozo-cal.com,2025-06-21 08:42:02
236,Isabel Luna Jiménez,riosloida@domingo.net,2022-12-10 12:13:45
237,Jennifer Cortes Marqués,amanda78@roca.net,2021-06-13 16:20:02
238,Gala de Martínez,smir@yahoo.com,2023-05-01 22:12:20
239,Eleuterio Morcillo Prado,irene35@zaragoza.com,2021-08-15 04:35:59
240,Fanny Perales Fernández,adriana35@rebollo.org,2021-11-18 21:30:49
241,Catalina Águila Valls,guiomarbarreda@yahoo.com,2020-06-14 21:37:09
242,Amancio Pineda-Alvarez,adelalastra@vilaplana.com,2024-03-04 21:39:05
243,Olivia Santiago Zorrilla,riofabio@yahoo.com,2023-07-17 10:25:33
244,Amado Peinado Marí,guerraobdulia@julia-cerro.com,2020-05-21 04:38:20
245,Odalis Lluch Goñi,pomaresotilia@marin.org,2025-07-10 04:18:00
246,Jaime Vicens Palomo,osvaldo94@cuenca.net,2023-12-21 13:50:54
247,Gabino de Montenegro,calhumberto@calvo-ballester.org,2024-06-03 19:29:02
248,Zoraida Paniagua Ródenas,qestevez@riba-girona.es,2020-11-24 15:57:30
249,Casandra del Sotelo,jordanamas@aguilar.es,2023-08-24 12:36:35
250,Aroa Sola,bermudezelena@hernando.com,2021-06-26 15:48:33
251,Pánfilo Montaña,juarezxavier@hotmail.com,2024-08-25 15:31:52
252,Cruz de Ojeda,olmoolalla@segovia.es,2024-02-20 16:13:39
253,Loida Sanchez López,kchacon@yahoo.com,2023-02-12 08:38:56
254,Cándida Francisco Zapata,fvilaplana@hotmail.com,2022-10-22 00:59:49
255,Alfonso Quero Izquierdo,cayetano06@hotmail.com,2024-12-28 00:31:41
256,Máxima Cuenca Sierra,francovalentina@cuadrado-barreda.es,2022-04-11 13:40:27
257,Chita de Gimeno,carrascoosvaldo@cardona.com,2022-01-06 15:14:21
258,Aurelio Victor Manuel Gómez Palma,ecuervo@gmail.com,2024-04-03 14:36:33
259,Alejo Alemán Bonet,montalbangisela@martorell.net,2023-05-12 04:15:14
260,Feliciana Cáceres Alcalde,wtomas@lasa.es,2024-08-31 00:45:05
261,Carlota Arce Giménez,ncantero@gallego-sierra.com,2025-03-01 04:07:26
262,Priscila Menéndez Ureña,villegaselisa@simo.es,2022-12-20 03:14:03
263,Javi Jordá,bernardino96@gmail.com,2023-03-10 02:19:41
264,Leandro de Roldán,vaquerojose-angel@barcena-avila.es,2023-04-12 09:25:29
265,Natanael de Benavides,encarnacioncobo@gmail.com,2024-07-01 13:41:17
266,Yaiza Bastida Lillo,canasmaria@juan.es,2023-12-02 18:35:21
267,Isaías Amo Azcona,dariocamino@ramirez.com,2021-10-28 04:56:17
268,Ciriaco Barriga Gonzalez,sierraadora@mayo.es,2020-04-29 20:59:49
269,Julio César Vicente Sala,acisneros@hotmail.com,2023-06-06 21:39:23
270,Marcial Novoa Piquer,juanita28@mendez-casas.es,2024-08-14 07:42:54
271,Clemente Moliner-Abascal,vhernandez@hotmail.com,2024-05-01 12:18:36
272,Anunciación Zaida Azorin Márquez,canellastiburcio@malo.net,2022-06-09 00:56:37
273,Graciano de Viña,ignacia00@cornejo.es,2025-07-06 13:47:05
274,Wilfredo Millán Pino,rocionadal@hotmail.com,2023-07-20 19:19:12
275,Diego Pinedo Requena,vmolina@yahoo.com,2023-11-21 05:06:23
276,Aitana Gomez,racedo@gmail.com,2022-10-15 21:37:22
277,Vicenta Folch Ramón,manuelapombo@carbo.org,2023-11-03 21:10:57
278,Hernando Bartolomé,leandra98@hervas.com,2025-01-25 11:07:15
279,Manu Fonseca Diaz,caballerotadeo@lamas-dieguez.es,2020-05-23 20:40:39
280,José Esteve Ruano,alegreascension@sacristan-cantero.com,2020-09-27 13:54:46
281,Aníbal Camilo Carranza Rozas,miguelenrique@hotmail.com,2024-08-12 09:11:29
282,Manuel Paz-Guzmán,fitoripoll@yahoo.com,2021-12-11 21:32:03
283,Jose Antonio del Gonzalez,llanosamada@hotmail.com,2020-02-27 14:09:47
284,Andrea Bueno Benavent,martinloreto@hotmail.com,2021-01-10 20:50:52
285,Soraya del Sales,belloeloisa@casanova-mesa.es,2024-04-20 03:22:44
286,Yéssica Giralt Correa,molinsmamen@gmail.com,2023-09-03 19:56:59
287,Buenaventura Hernandez Vázquez,gtoro@gmail.com,2020-07-12 17:31:27
288,Adela Marquez Pina,hilario46@camacho.es,2023-07-27 07:38:52
289,Pelayo Romero-Piña,julio-cesaralvarez@arce-quiros.es,2020-04-29 16:25:30
290,Horacio Castells-Torrents,chuchocobos@macias.com,2021-03-08 22:38:16
291,Rosa María Encarna Coronado Cortes,encarnita78@figueroa.es,2020-12-30 16:35:43
292,Arcelia Lobo Valverde,falconricarda@yahoo.com,2025-02-24 04:22:15
293,Patricio Sotelo Girona,ucastro@vazquez.com,2020-05-20 01:51:14
294,Gerardo Vilalta Briones,reynaprats@armas-roda.org,2020-01-19 22:28:53
295,Eulalia Flores,marinjose-carlos@yahoo.com,2022-02-06 21:37:00
296,Delfina Fabra,solsonalilia@hotmail.com,2022-01-03 22:14:00
297,Brunilda Elorza Lumbreras,jeremiasaparicio@olmo.es,2024-03-02 15:56:49
298,Paola Ariño Sanchez,cescalona@yahoo.com,2023-10-08 04:45:11
299,Selena Santiago Cobo,ferranflor@yahoo.com,2025-03-07 08:02:17
300,Rodrigo Alcolea Prats,wilfredorueda@yahoo.com,2020-10-29 02:58:55
301,Lucila Beltran-Huertas,carolina73@soler.es,2023-10-12 00:40:52
302,Reina Barbero Ramírez,edelmira38@hotmail.com,2024-02-24 19:42:06
303,Eufemia Lozano Mir,salomwilfredo@berrocal.es,2022-11-01 22:03:36
304,Teresita Alvarez Marin,abigail77@gibert-amor.com,2021-02-22 15:11:41
305,Almudena Delfina Pedro Múgica,marferrandez@hotmail.com,2021-04-30 19:19:13
306,Pastor Plana Pavón,montserratlumbreras@yahoo.com,2024-12-30 07:15:00
307,Amado Aliaga Iglesias,sarita37@maza-carreno.es,2022-11-15 07:40:14
308,Jose Antonio del Hierro,ucabello@hotmail.com,2022-11-12 07:13:05
309,Felicia Dalmau Moraleda,saezrenata@hotmail.com,2021-09-01 10:12:06
310,Elvira Jódar Solsona,jose-ramonprado@casado.org,2023-04-26 08:03:59
311,Marisela Rico Pozuelo,bmenendez@yahoo.com,2023-08-03 21:50:07
312,Máxima Duque,sandovalaurora@cadenas.net,2020-02-17 17:17:47
313,Isa Torres Barrio,arocazoraida@yahoo.com,2024-05-19 05:45:07
314,Baltasar Cabanillas Estévez,candelaria81@sola.com,2023-06-24 08:58:07
315,Dalila Águila Viña,chuyalvarado@sanchez.org,2022-05-17 04:59:30
316,José Manuel Gabaldón-Mayo,adoracion27@hotmail.com,2021-06-12 12:31:48
317,Eva María Madrigal Canet,anguloheriberto@dalmau-gonzalez.net,2023-11-15 17:34:49
318,Esperanza Pavón Giner,cuestanadia@madrid.com,2020-02-20 05:00:31
319,Flor Cañellas Requena,angel15@yahoo.com,2025-02-24 20:29:04
320,Jordi Diéguez Ponce,candelacerro@gmail.com,2021-11-08 14:11:51
321,Luna Gil Toro,anastasiamateo@gimenez.com,2025-01-17 04:08:26
322,Lupe Aguirre-Rocamora,monicarobledo@yahoo.com,2021-03-29 16:53:16
323,Delfina Pellicer Mur,escamillanazaret@barrera.es,2021-01-26 17:23:46
324,Armida Marín Cobos,ferrerolisandro@gmail.com,2022-03-06 10:26:00
325,Candelario Castrillo Aguilera,climaco88@noriega-roura.com,2023-05-06 18:18:54
326,Andrea Valenciano Mateu,ani76@gmail.com,2020-05-30 16:00:05
327,Salomón Baquero Barroso,wbelmonte@suarez.es,2022-03-17 00:21:29
328,Ricarda del Saldaña,colomamicaela@bonet.es,2022-10-13 02:25:13
329,Manolo Santamaria Carreño,lealespiridion@cerda.es,2024-10-20 08:13:17
330,Carlito Valderrama-Espejo,luisinabaeza@yahoo.com,2020-08-17 20:14:50
331,Germán Barrena-Ferrández,roldanvito@hotmail.com,2020-05-03 02:37:56
332,Manu Peinado Casanovas,rogeliosacristan@salcedo-calleja.es,2021-10-25 09:28:17
333,Alexandra Gomez Martín,gomezcalista@hotmail.com,2021-09-23 19:48:58
334,Valerio Arroyo Conde,agullomanuel@mendizabal.com,2020-02-14 05:07:48
335,Tatiana Verdejo,jelorza@muniz.es,2023-07-12 21:29:59
336,Encarnacion Diego Peiró,agustin68@gmail.com,2023-04-20 23:22:29
337,Poncio Hoz Sales,florentinosuarez@yahoo.com,2023-07-13 11:48:28
338,Tristán Mosquera Gallardo,bustamanteefrain@penalver-andreu.net,2022-05-12 12:17:26
339,Brunilda Gallart Reina,sebastianantonio@yahoo.com,2021-01-03 07:04:05
340,Sol Murillo,valentinemilia@gmail.com,2022-05-16 17:43:27
341,Sandalio Mayol Coronado,fontvito@hotmail.com,2021-08-28 14:39:20
342,Micaela del Ocaña,carbonicolas@hotmail.com,2022-05-07 18:28:01
343,José Manuel Villegas Galan,rporras@bayona.org,2020-01-26 09:23:32
344,Verónica Ripoll Mármol,veronicapina@vives.net,2021-03-03 20:45:57
345,Ágata Alsina Marcos,casanovasreyna@yahoo.com,2024-09-29 06:56:57
346,Valentín Manso Villaverde,dorita67@canas.net,2024-04-19 06:28:04
347,Nazario Milla,vbenito@godoy.es,2021-06-26 11:02:37
348,Íñigo Morata Pintor,climaco41@clavero.org,2024-02-27 03:25:38
349,Benigno Albero,sandrapereira@aguirre.com,2022-06-07 06:01:55
350,Roldán Aguiló-Lumbreras,maitesanchez@yahoo.com,2023-04-02 23:39:12
351,Chus Palomar Pérez,sabina76@andres.com,2023-09-15 12:25:16
352,Saturnino de Giménez,armida35@yahoo.com,2022-12-03 18:59:04
353,Casandra Llanos Cadenas,arizamacarena@azorin.es,2022-08-15 23:33:48
354,Segismundo Garcés Riquelme,rubencasal@barreda.com,2024-08-30 19:00:06
355,Godofredo Madrid Oliveras,juan-pablopelayo@hotmail.com,2023-01-12 08:47:59
356,Valentina Pozuelo Valentín,reciojenny@yahoo.com,2023-11-11 16:03:32
357,Cecilia Molins López,marquezmarc@solana.es,2021-02-22 00:30:17
358,Ramón Manzano Sáenz,mendezfortunata@gmail.com,2021-08-04 11:29:48
359,Isabel del Coca,benigno77@campoy.es,2020-03-01 15:19:51
360,Azucena Nevado Sola,godoyjavier@gmail.com,2020-09-19 00:51:49
361,Esther Rocamora Vazquez,miguel01@gmail.com,2022-06-25 21:40:22
362,Valeria Cáceres Tomás,garmendiachuy@hotmail.com,2025-03-29 15:39:44
363,Calixto del Roselló,galianojeronimo@carrillo-bas.com,2025-02-01 03:24:31
364,Gisela Seguí-Castejón,arcelia98@yahoo.com,2021-05-22 23:06:20
365,Bárbara Gual,kbarral@solsona.com,2022-10-18 13:51:16
366,Fortunato Ros Ibañez,valentinaalba@gmail.com,2020-01-20 21:59:33
367,Consuelo Bolaños Ródenas,ialsina@gmail.com,2020-01-16 10:58:29
368,Luis Arellano-Borrás,lcaceres@yahoo.com,2021-10-12 01:34:46
369,Ruben Salcedo Fuentes,lgil@barcelo-jorda.org,2024-06-16 02:15:10
370,Pancho Font Tapia,graciela34@benitez-sala.com,2020-04-29 04:07:21
371,Estefanía Barrio Llabrés,florentinarueda@hotmail.com,2023-03-04 09:02:26
372,Leonel Roldán Benavente,baguirre@hotmail.com,2022-09-18 11:47:21
373,Purificación Cantero-Ocaña,tiburcioherrero@hotmail.com,2024-05-31 19:37:29
374,María Dolores Blanco Aguilar,cacero@enriquez.com,2023-01-15 04:05:37
375,Hilario Uría Gordillo,modesta04@hotmail.com,2022-09-03 01:51:14
376,Desiderio Ariel Sanchez Salinas,nvazquez@gmail.com,2022-03-03 01:34:37
377,Nélida Andrade Barranco,pacificagilabert@yahoo.com,2022-10-29 23:51:52
378,Damián Cantón Álamo,martirio67@hotmail.com,2022-12-20 21:00:36
379,Vera Candelaria Valera Arias,ocarpio@yahoo.com,2022-05-08 16:22:31
380,Pilar del Flor,valeroprats@gmail.com,2024-11-26 11:50:46
381,Gisela Barceló Juan,visitacionsans@cruz.com,2020-11-21 20:02:21
382,Heriberto Cueto Paredes,gordonez@vall.com,2021-10-12 21:46:27
383,Primitiva Melero Fabregat,nelidabonet@gmail.com,2025-04-13 18:30:47
384,Adora Galiano Marí,mayoatilio@gmail.com,2022-04-23 11:42:32
385,Itziar Landa Gras,ciriaco95@gmail.com,2024-01-06 20:17:24
386,Soraya Villa Segovia,maribel99@hotmail.com,2023-08-21 03:57:00
387,Tere Sevilla Alemany,zbarcena@acedo.com,2023-01-26 23:23:08
388,Fortunato Bermejo Adán,carrionalbino@sanmartin.org,2022-09-15 16:17:24
389,Mirta Cañellas Peinado,minguezamparo@gmail.com,2021-07-28 14:04:03
390,Macario Giner Salmerón,espiridion64@hurtado.com,2021-02-24 18:16:31
391,Saturnina del Manrique,felisa60@pina-carlos.es,2023-03-02 05:47:05
392,Nilda Salinas Vicens,araujoleoncio@espanol.org,2024-09-21 19:17:32
393,Natividad Rueda Escudero,xferrer@yahoo.com,2023-10-10 19:49:28
394,Dionisio Mariscal,oespada@gmail.com,2021-11-17 16:51:55
395,Cristóbal Cabrero,smadrid@gmail.com,2024-09-03 21:13:15
396,Micaela Puga Muro,ferreraeustaquio@gmail.com,2021-06-29 13:53:20
397,Nidia Casanova,mariaosorio@yahoo.com,2022-05-29 20:14:44
398,Nayara Neira Reina,sonia39@yahoo.com,2020-06-26 06:21:19
399,Gerónimo Coll Bou,herviaamancio@cuesta.es,2021-12-22 06:13:31
400,Moreno Carbajo-Pastor,franciscotomas@puig.es,2024-06-22 04:17:47
401,Zoraida Pepita Vives Isern,belmontefatima@yahoo.com,2025-01-31 09:02:31
402,Jesusa Salas Jaén,ledesmainigo@gmail.com,2024-01-04 00:29:46
403,Eugenio Anglada Rodrigo,marisa01@pereira.es,2021-03-23 16:07:52
404,Pilar Cantero Alarcón,jcuervo@yahoo.com,2023-01-10 15:27:36
405,Olegario del Alcázar,tgonzalez@gmail.com,2025-05-30 18:29:49
406,Vicenta Tena Puerta,carrascodelfina@gmail.com,2023-07-06 11:14:35
407,Rafa Ferrándiz Flor,hoyosherminia@terron.es,2021-04-30 08:01:52
408,Godofredo del Higueras,artemio53@hurtado.es,2023-01-06 09:59:06
409,Hortensia Amelia Fuente Soria,calatayudruy@pera.es,2025-07-24 23:35:06
410,Melania Amores-Hidalgo,atienzaevelia@macias.org,2022-12-21 03:47:29
411,Clímaco Rosales Solís,rcastro@angulo-franco.es,2022-10-08 05:11:05
412,Teodosio Valero-Garay,chita69@yahoo.com,2023-01-07 18:40:54
413,Belen del Ponce,qsalazar@yahoo.com,2022-01-10 23:53:03
414,Jennifer Villalba-Zamora,esuarez@cuadrado-izaguirre.es,2024-08-22 19:48:25
415,Gloria Villa Montoya,maria-angelesvalbuena@agudo.es,2020-08-15 14:40:17
416,Trinidad Cid Arana,bbauza@yahoo.com,2022-04-23 02:40:28
417,Jose Carlos Duarte Vara,bertranalfonso@yahoo.com,2021-10-29 16:33:44
418,Julia Cañete Valera,basilio68@yahoo.com,2024-08-22 05:07:16
419,Daniel Tolosa Clavero,upellicer@morante.es,2021-06-19 14:16:48
420,Martina Huerta-Baeza,wcerda@yahoo.com,2022-01-28 02:48:37
421,Antonio Cuenca,rosenda44@hotmail.com,2022-07-09 11:45:41
422,Cosme Arribas Pons,inmaculadadonoso@moliner-becerra.es,2020-11-20 01:46:18
423,Dan Medina,ctrujillo@arjona.org,2020-05-31 23:24:09
424,Omar del Ferrández,fabriciocorominas@lara.net,2020-09-06 14:39:25
425,Sancho Roma Ochoa,canoazahar@gonzalez-gomila.es,2025-01-08 02:17:04
426,Flavio Gonzalez Jove,estelaarroyo@armas-barbero.net,2022-05-02 13:25:17
427,Azahar Miralles-Sáenz,espanolchema@hotmail.com,2020-08-22 04:55:32
428,Brígida Antúnez Peralta,efeliu@neira.es,2023-04-24 17:40:46
429,Leandra Bayona Cantón,velascoantonia@hotmail.com,2022-08-29 00:07:13
430,Soraya Bernal Chico,yolanda61@gmail.com,2024-01-26 20:22:41
431,Apolonia de Cuenca,ovidioperea@yahoo.com,2021-09-16 06:28:56
432,Florentino Eusebio Gabaldón Querol,uvalverde@trujillo.es,2024-07-25 12:20:57
433,Abraham Adán Cervera,nadiamalo@saez.es,2021-05-26 16:33:11
434,Eligia Franch Guijarro,gomezfederico@gmail.com,2023-01-27 14:45:36
435,Maxi Cerdán Carmona,gonzalezadoracion@gmail.com,2022-01-26 01:19:43
436,Reyes de Herranz,aurea16@yahoo.com,2022-05-27 07:42:50
437,Anacleto de Gámez,vilarromulo@yahoo.com,2020-05-27 18:48:14
438,Arcelia Paula Gaya Pavón,kortiz@torrecilla.net,2021-12-23 18:39:09
439,Maricruz Busquets Diego,carolinaaragones@gmail.com,2022-06-06 05:35:49
440,Manola Feijoo Sanmiguel,amalia31@gmail.com,2020-04-10 17:48:01
441,Marisa Pujadas Duran,reyesanastasia@yahoo.com,2022-08-12 08:43:40
442,Camila Rubio Conde,alondra43@hotmail.com,2023-01-12 19:16:33
443,Aristides Ibarra Guardia,vallejosabas@bayona.com,2023-10-28 08:43:47
444,Albino de Moraleda,ricopepito@saura.es,2023-07-11 00:20:17
445,Delfina Priego Mulet,brionesnico@hotmail.com,2020-05-21 18:35:14
446,Noé Mosquera Pacheco,iamo@coronado.es,2022-08-25 20:49:43
447,Teófilo Segismundo Chico Pera,bcerro@yahoo.com,2025-01-27 18:38:15
448,Roberto Cervantes Carrasco,valeria26@sacristan-arias.es,2025-07-01 01:58:26
449,Nerea Suarez Carrillo,urbanolillo@yahoo.com,2021-04-12 07:14:51
450,Daniel Pinedo Rodriguez,linaresmanuel@yahoo.com,2024-05-06 04:08:34
451,Abigaíl Pablo Tejera,glanda@castro.com,2023-12-04 02:15:14
452,Zaida Macaria Ferreras Fuertes,castanedadaniela@suarez.com,2024-05-12 23:39:42
453,Georgina Guzmán Neira,quevedomaria-teresa@bayo.com,2022-07-07 16:10:41
454,Eloísa Ribera Sureda,fonsecapelayo@yahoo.com,2022-12-18 21:58:09
455,Maite Diego Tejada,roldan61@rincon.com,2025-04-09 20:22:59
456,Lupe Company Carlos,ocalleja@fuente.es,2021-10-01 16:35:14
457,Severo Redondo Alegre,jorgebarrio@vaquero.org,2025-08-01 02:09:25
458,Dominga Puig-Villar,rosaliamateo@neira.com,2025-07-21 02:13:19
459,Candela Sola Herrero,pinolignacia@hotmail.com,2023-05-07 05:07:37
460,Maxi Sandoval Barrena,lisandro32@mosquera.org,2024-08-13 05:37:43
461,Hipólito Merino Urrutia,ceferino13@yahoo.com,2022-05-01 23:48:39
462,Chus Mancebo,fermintaboada@gmail.com,2024-03-26 07:49:51
463,Aníbal Criado Cervantes,jacobopolo@penalver.es,2023-02-20 04:05:39
464,Ainoa Solsona-Amaya,hernanandrade@gmail.com,2022-06-24 16:40:30
465,Vera Peralta Rosa,kbotella@priego-blanco.org,2021-02-24 10:04:22
466,Álvaro del Zamorano,tpereira@nadal.org,2022-05-10 16:31:37
467,Leandra Ariel Quero Martín,casadomarisa@batalla-diez.org,2022-10-18 05:20:26
468,Casandra Palma Estévez,nereavilar@yahoo.com,2024-09-03 16:54:05
469,Graciano Rozas,felisabernat@vives.com,2021-07-25 16:59:05
470,Carmela Rocha,garridopaco@lopez.org,2023-10-20 02:51:36
471,Ruperto Villalba Chamorro,rosadomarta@fabregat.com,2020-05-08 20:16:06
472,Hector Wálter Llano Tovar,julio23@arco.com,2024-04-07 07:32:38
473,Olimpia del Anguita,lsoriano@yahoo.com,2025-05-30 08:11:29
474,Martina Pou Cañellas,joveamerica@blazquez.es,2024-06-11 13:31:33
475,Modesta Jordana Quintanilla Gil,pontteodora@hotmail.com,2020-01-05 23:50:49
476,Wálter Marcelino Franch Carrasco,barriosbarbara@gual.com,2022-04-04 23:31:39
477,Cintia Sierra Nadal,ssebastian@capdevila-bonet.com,2025-02-25 23:43:16
478,Emelina Frutos Solís,peralsamu@blazquez-batlle.es,2021-01-22 22:56:04
479,Nicolasa Manuel Caro,somozaserafina@hotmail.com,2024-04-07 11:14:45
480,Xavier Pujol Torrecilla,rodrigo31@yahoo.com,2021-06-03 19:13:41
481,Jenaro Jaime Bastida Colomer,bautistaavila@aviles.net,2020-01-28 00:22:12
482,Etelvina Anguita-Posada,fguerra@guijarro-carreno.com,2022-07-30 13:32:41
483,María Ángeles Soria-Carro,qbonet@alvarez.net,2023-06-26 20:48:14
484,Blanca Aller Vilalta,hcuevas@esteban.es,2024-12-03 06:05:20
485,Victoria Bermudez Roldan,fborrego@arrieta.es,2021-03-05 08:36:26
486,María Luisa Arias Fabra,manjonemigdio@yahoo.com,2020-10-25 18:52:12
487,Delfina Urrutia Tudela,gertrudiszamorano@hotmail.com,2020-06-30 19:37:49
488,Tere Hoyos Castañeda,nbarros@galan.es,2020-12-12 11:11:52
489,Ileana Barreda,vanesaprieto@hotmail.com,2023-02-02 16:02:48
490,Bibiana Porta Azcona,barbara12@gmail.com,2025-01-01 22:35:58
491,Eligio Hervia,antoniapedro@enriquez-parra.org,2024-12-14 01:03:44
492,Carmina Salinas Cabeza,xesparza@yahoo.com,2025-04-15 13:23:15
493,Visitación Corominas Jove,ynarvaez@hotmail.com,2022-01-08 05:15:14
494,Luisa Fernández Pavón,tramis@hotmail.com,2022-04-19 12:27:39
495,Chelo del Tejera,rafaeluria@arellano.com,2023-11-19 14:44:15
496,Chelo Nieto Cortes,arielpatino@manzanares.com,2023-09-08 21:05:20
497,Francisco Jose Ródenas Pedrosa,herminia66@yahoo.com,2023-11-13 07:37:20
498,María Luisa Menendez Villalonga,marisa00@gmail.com,2025-06-18 11:45:30
499,Teodosio Puerta Montserrat,qfrutos@lucena.net,2021-02-10 13:41:59
500,Florencio Palma,fjorda@gmail.com,2024-02-25 11:43:07
501,Urbano Figueroa Martinez,adriancabrero@quero-almeida.es,2024-01-31 19:57:00
502,Abigaíl Canals-Izquierdo,jpalomino@hotmail.com,2024-12-10 11:17:05
503,Che Castejón Seco,candido21@gmail.com,2023-09-06 20:00:27
504,Evelia Pelayo Batlle,susanacorbacho@gmail.com,2020-11-18 16:34:26
505,Isidoro Falcón Batalla,fzabala@jara.com,2025-08-15 03:10:30
506,Ximena de Alcázar,fabian39@hotmail.com,2023-03-18 06:54:20
507,Andrés Sevilla Zapata,julian81@andrade-montana.es,2022-08-01 23:33:56
508,Paco Solís,arranzsabina@palacio.org,2022-02-24 10:17:19
509,Segismundo Sevilla Vilaplana,cazorlajulian@rojas.com,2025-02-12 16:35:14
510,Eva María Lopez Llobet,garciajuanita@yahoo.com,2022-06-08 23:11:17
511,Rafa Cañizares Riba,nicodemo88@ayuso-camacho.es,2021-08-26 12:46:22
512,María Cristina Granados-Bosch,kguitart@gmail.com,2020-10-30 20:10:52
513,Aránzazu Font Leiva,nataliatello@palau.es,2021-08-21 19:23:12
514,Gaspar Collado Puga,pintojose-luis@hotmail.com,2024-01-28 20:58:50
515,Eusebia Luz Busquets Tello,fatimaandres@hotmail.com,2020-10-07 13:56:11
516,Sonia Barriga Samper,candeladiego@arnaiz-carreno.com,2023-01-29 02:49:35
517,Hilario Palomino Casanovas,criera@gmail.com,2024-08-14 12:00:40
518,Hugo Osuna-Martí,jvara@gmail.com,2024-09-16 07:13:08
519,Raimundo Fábregas Rovira,vblanch@hotmail.com,2021-07-11 22:27:48
520,Roberto Peláez Osorio,zaguirre@yahoo.com,2020-06-06 04:02:31
521,José Luis Madrigal Cifuentes,xgarriga@calvet.com,2025-05-28 05:34:01
522,Herminio Abad Clemente,zsandoval@hotmail.com,2021-11-20 13:23:07
523,Cecilia Moya,quevedoaurelio@gmail.com,2024-12-17 01:21:47
524,Fanny Arana Castelló,parejoalberto@gmail.com,2022-11-02 20:12:47
525,Aura Mamen Martinez Prats,eviana@gmail.com,2024-04-06 06:48:59
526,Darío Montero Ochoa,victor21@gmail.com,2020-11-06 01:43:05
527,Amalia Carranza Gimeno,monteromanuelita@arenas.es,2023-09-18 04:08:22
528,Zaira Huguet,lcid@yahoo.com,2020-03-08 07:31:27
529,María Del Carmen Barreda-Méndez,chelozamora@morata-lago.es,2020-10-03 11:58:36
530,Emperatriz Roda,melisaochoa@manzanares.org,2021-07-12 13:59:52
531,Perla Carlos Viña,ibanezluis@gmail.com,2023-08-24 11:37:47
532,Aurelia Trillo Villegas,noamurcia@gmail.com,2025-07-19 22:28:41
533,Chucho Francisco Elorza,valeroraquel@alcolea.com,2022-06-28 08:40:34
534,Armida Mur Toledo,davidaragones@iborra.com,2021-06-23 11:01:44
535,Trinidad Herrero Fuente,xalmansa@diaz-tejedor.es,2020-07-03 03:35:07
536,Seve Ruperto Villaverde Vizcaíno,rodolfo82@suarez.es,2025-01-26 01:33:31
537,Heliodoro Castelló,luisina89@hotmail.com,2024-07-26 11:53:30
538,Olivia Sureda Perelló,tbarrera@elias.com,2021-02-22 09:41:52
539,Soraya Jove Alsina,rubenromero@gmail.com,2024-07-28 15:18:45
540,Felipa Francisco Cerro,lasaseveriano@gmail.com,2020-10-05 01:33:51
541,Sol Patiño Puga,sescolano@yahoo.com,2022-10-05 15:05:49
542,Jesusa Ramírez-Zamorano,luciano61@yahoo.com,2022-02-08 08:25:34
543,Fabricio de Uría,chelo38@hotmail.com,2022-12-30 15:02:08
544,Gilberto Casemiro Hidalgo Oliva,marcelinocases@hotmail.com,2022-04-26 04:29:45
545,Ani Farré-Cerdá,maznar@gmail.com,2023-11-18 19:45:05
546,Eloísa Capdevila Nieto,timoteo65@hernandez.org,2020-06-14 14:55:41
547,Armando de Vaquero,maria-belenmendoza@hotmail.com,2023-03-31 06:32:46
548,Lorenzo Nacio Clavero Mármol,abraham23@ramis.es,2023-10-02 05:06:12
549,Charo Cózar,mbenavente@molins.com,2020-11-23 10:41:09
550,Gonzalo Quiroga Real,marcguzman@gmail.com,2025-04-18 23:14:19
551,Juan Carlos Estrada Castilla,trillogaston@pol.es,2020-05-28 14:14:00
552,Silvia Real-Tormo,noeliacasas@hotmail.com,2021-10-19 04:32:41
553,Luis Miguel Haro,romulotenorio@raya-martin.org,2022-02-20 16:27:08
554,Esmeralda Pelayo,morenatrujillo@campillo.com,2022-04-26 08:33:38
555,Hernando Chus Múñiz Lluch,illabres@goni.es,2025-05-03 00:33:21
556,Guadalupe de Arroyo,desiderioarino@hotmail.com,2021-09-24 03:22:26
557,Cebrián Íñigo Bartolomé Salmerón,eliasflora@pont.net,2022-09-10 11:18:24
558,José Mari Haro Aliaga,aescalona@hotmail.com,2020-10-09 22:04:47
559,Mauricio Salas-Olivares,ruth19@hotmail.com,2024-04-16 11:39:46
560,Mar Burgos Dávila,anibal06@estrada-baez.net,2025-01-30 19:56:04
561,Eloísa Natividad Cabrera Ordóñez,coral42@melendez.es,2023-11-10 04:19:14
562,Teresita Manzanares,mosqueranestor@sebastian.com,2024-06-08 13:32:08
563,Edu Cañete-Uribe,apolinarcarballo@hotmail.com,2024-05-28 10:31:08
564,Teodosio Pinedo-Calzada,salomfulgencio@gmail.com,2020-10-13 03:25:48
565,Rufino Cantón-Palomino,nieves59@hotmail.com,2024-12-09 17:17:15
566,Reyes Peiró,apoloniahoyos@yahoo.com,2021-08-19 14:34:31
567,Eloísa Maldonado Espejo,xchamorro@hotmail.com,2021-06-12 16:03:16
568,Odalis Pazos,ponslourdes@duque.com,2025-03-20 13:19:02
569,Baldomero Pellicer Carbonell,jose-manueliniguez@gmail.com,2023-07-08 03:50:13
570,Adelardo Roca-Belda,cruzangelina@rodrigo.org,2021-11-10 02:10:45
571,Maximiliano del Bárcena,fvalle@murillo.com,2023-06-22 09:25:27
572,Victoriano Gomila Guijarro,juan-manuel92@gmail.com,2022-04-02 17:34:16
573,Gisela Fuster Lerma,valentinclemente@oliva.com,2020-11-26 01:03:05
574,Gastón Giménez Pedrosa,triquelme@yahoo.com,2025-06-28 22:18:44
575,Felipa Amor Hervás,alamosilvia@carreras-rivera.com,2025-05-28 10:23:54
576,Renata Girón Bustamante,geronimo45@dominguez.com,2023-11-07 01:09:06
577,Maura Barberá Marquez,anselmaheras@ojeda.com,2023-02-09 16:30:19
578,Regina Puga Guzman,victorianorivas@yahoo.com,2021-11-07 02:25:43
579,Perla Bermúdez Suarez,tpenas@gmail.com,2024-06-30 20:08:41
580,Dora Arnaiz Carrasco,silvia72@gmail.com,2020-09-08 11:30:06
581,Obdulia Socorro Pulido Solera,mmate@hotmail.com,2024-05-22 11:54:32
582,Nazario Casado Espinosa,dtejero@barbera-perera.com,2023-12-01 03:48:36
583,Armando Arana Cid,albertcorral@rossello.net,2024-08-21 11:44:14
584,Graciela Ramis Salvà,trinidadcabanillas@busquets.org,2024-01-29 13:19:11
585,Melisa Tomás Guillen,jmaestre@gmail.com,2024-09-01 19:11:46
586,Calista de Pacheco,garayhipolito@guzman-colom.es,2022-04-14 18:10:08
587,Julia Piñol,sanchezamilcar@hotmail.com,2022-11-23 23:05:19
588,Ruperto Sanz Carretero,naleman@yahoo.com,2020-03-18 07:32:34
589,Juan Antonio Heredia Linares,telmo61@hotmail.com,2021-02-28 06:06:35
590,Cecilio Pelayo Baena,jberrocal@blazquez.es,2020-01-11 17:45:08
591,Ramona de Ayllón,leyregalindo@hotmail.com,2021-07-19 02:04:00
592,Carlota Guerra Marqués,ingridcabanillas@alberdi.com,2021-04-04 04:36:27
593,Luís Morell Grande,hugovalverde@varela.es,2023-09-19 13:08:58
594,Alma Cabrera Balaguer,cabreroalvaro@yahoo.com,2022-02-22 04:39:21
595,Florinda Barroso Jimenez,magdalenamenendez@gmail.com,2020-05-06 03:35:51
596,Pepe Tenorio,heraclioperera@gmail.com,2023-04-12 19:24:25
597,Carina Andrade Riba,maria-jesus87@yahoo.com,2025-02-27 02:41:56
598,Jesús Baró Vazquez,loboangeles@hotmail.com,2021-12-05 00:49:46
599,Marciano Sala Bernad,inocenciourena@pacheco.es,2022-07-12 06:31:25
600,Araceli Abigaíl Aguado Leiva,carmelopenalver@ribas.com,2023-05-27 00:19:43
601,Pepita Flora Arrieta Marco,duarteabigail@quintana-soria.com,2023-07-25 04:36:06
602,Caridad Lucena-Estévez,elena83@gmail.com,2022-11-08 04:39:16
603,Luis Miguel Hernando Montoya,zoraidaiglesias@yahoo.com,2021-01-22 22:34:52
604,Silvestre Pablo Múñiz,qyanez@hotmail.com,2020-07-13 12:30:01
605,Abel Osorio Peña,cayetano51@yahoo.com,2023-11-27 06:39:03
606,Josefina Xiomara Villar Calatayud,camilo08@hotmail.com,2023-11-02 03:53:12
607,Prudencio Tormo Dalmau,ntenorio@gmail.com,2022-10-14 14:57:52
608,Reynaldo Sarmiento Tur,ikertalavera@yahoo.com,2021-12-04 20:42:16
609,Miguela Rius,rosariosoler@hotmail.com,2021-01-04 20:39:31
610,Eric del Valderrama,calisto29@hotmail.com,2021-05-24 03:04:59
611,Edu Arellano Barco,ruben59@batlle.com,2022-09-04 03:50:32
612,Perlita Angélica Merino Salazar,remigio56@yahoo.com,2021-03-13 15:59:11
613,Miguela del Seco,telloapolonia@morillo.es,2024-11-29 14:44:33
614,Melisa del Camps,lupetur@bellido.com,2021-08-18 13:17:38
615,Macario Cabo-Antón,ncastro@iglesias-iniguez.es,2025-02-23 07:58:43
616,Victor Sáenz Pomares,nazaret93@osuna.com,2024-03-30 19:05:59
617,Esteban Mena Prado,ramirezlope@gmail.com,2021-02-20 07:10:36
618,Felipe Galindo Múgica,robertarebollo@serrano-delgado.es,2021-11-24 06:53:29
619,Ema Barceló Iniesta,tgalindo@benitez-dominguez.org,2020-03-24 16:07:36
620,Marcos del Zurita,chema39@pedrosa.es,2024-08-18 15:18:21
621,Amor Avilés-Cabo,marita66@correa-villalobos.com,2022-01-23 13:10:33
622,Horacio Pinto Macias,medinacarmelita@garriga.com,2021-11-07 13:59:42
623,Hipólito Manuel Malo Blázquez,isabelabustamante@yahoo.com,2025-01-27 13:21:54
624,Mamen Giménez-Catalá,sanjuanleyre@hotmail.com,2020-06-27 04:32:36
625,Jeremías Iborra Benavides,angelita17@hotmail.com,2023-12-05 09:34:36
626,Maxi Manzano Murcia,palomacatala@hotmail.com,2021-03-22 22:24:49
627,Fito Rovira Perelló,escrivaildefonso@hotmail.com,2023-07-06 06:44:20
628,Noelia Pi Ballester,arcoremedios@sosa.com,2022-04-25 06:21:19
629,Flor Solís Díaz,bcarbonell@valbuena-angulo.net,2024-06-15 00:32:48
630,Rosalinda Amalia Pi Bayona,uriberufino@duque-marcos.org,2021-07-22 01:12:17
631,Paulino Anguita,berta95@hurtado-blasco.es,2024-05-30 10:16:47
632,Alfonso Tejero Morillo,melisaperalta@valverde-yuste.com,2022-05-15 12:55:46
633,Lucas Pastor Riquelme,eperal@pina-echeverria.com,2022-05-22 11:34:50
634,Roberto Bolaños Larrea,aliciaangulo@hotmail.com,2024-04-30 16:51:20
635,Paulino Alcántara Gual,yaizavidal@yahoo.com,2022-10-22 20:12:10
636,Gracia Guzmán Velasco,wserra@granados.org,2024-01-29 20:22:14
637,Seve Natanael Bustos Cazorla,chuchopalomino@yahoo.com,2022-03-16 02:22:21
638,Valentín Cal Casals,olasa@hotmail.com,2022-05-19 02:06:23
639,Oriana Piñeiro-Llobet,griselda76@castejon.com,2020-08-17 15:01:46
640,Antonia Montalbán Villar,mauraraya@bou-lloret.com,2022-12-06 02:33:12
641,Carolina Olmo Ángel,osorioemilia@yahoo.com,2023-09-23 04:49:45
642,Rodolfo Teo Valero Perea,elbajorda@valles.es,2024-10-29 13:52:26
643,Leonel Rebollo Olmedo,asunciondonaire@hotmail.com,2022-07-20 18:53:31
644,Salud Cristina Manzano Garmendia,adelaida44@velasco.com,2021-08-15 23:43:42
645,Aura Páez-Aguilar,olgaoliveras@gmail.com,2024-03-25 05:25:50
646,Martín Ferreras Merino,losaalba@sanz.com,2023-02-20 21:07:33
647,Narcisa Padilla Aguado,fsanz@ricart.org,2022-06-25 18:26:04
648,Onofre Franch Llabrés,magdalena54@leiva.es,2024-06-09 12:53:33
649,Josué Cadenas,dan76@hotmail.com,2025-03-17 09:28:58
650,Domingo Montalbán Juliá,romasalome@capdevila.net,2023-03-26 18:05:44
651,Abraham Camacho-Lorenzo,feliciana12@rosello.com,2022-02-10 08:30:40
652,Bruno Suarez-Busquets,ajaen@yahoo.com,2024-10-17 13:40:50
653,Godofredo Vera Corbacho,olallacollado@yahoo.com,2020-01-17 06:38:00
654,Baltasar del Pinto,encarnadonaire@zurita.net,2022-07-10 05:03:59
655,Lupe de Herranz,jimenasimo@arco-noriega.com,2022-04-20 05:39:40
656,Francisco Javier Francisco Navas Nevado,claveropilar@hotmail.com,2021-03-07 22:15:02
657,Clotilde Juana Cañas Catalán,sauracosme@hotmail.com,2021-09-03 15:45:54
658,Luis Cuesta,onofretalavera@bas.com,2022-02-17 09:07:07
659,Sol Guardia Valencia,fortunatoquero@yahoo.com,2021-03-03 07:33:59
660,Teodosio Goicoechea Guijarro,teodosio69@hotmail.com,2024-01-11 01:28:22
661,Pancho Busquets Vigil,torrentolimpia@herrero.com,2021-09-12 20:04:18
662,Bautista Vizcaíno,olegario87@cases.com,2020-09-05 12:38:02
663,Natanael Soler Fábregas,chuchoroldan@palomar.com,2022-01-30 03:29:54
664,Ariel Aguirre Amador,escalonahoracio@hotmail.com,2025-06-18 21:24:53
665,Pastora Azcona Nicolau,carrenosusana@yahoo.com,2020-02-06 09:32:16
666,Delia Pereira Plana,hildalaguna@yahoo.com,2022-08-17 08:18:35
667,Maite Montaña Giralt,abarriga@gmail.com,2021-10-15 06:15:10
668,Lola Jenny Pellicer Bernal,wgimenez@gmail.com,2024-12-21 13:47:12
669,Eustaquio Viñas,leticiasantiago@verdugo.com,2020-11-28 20:55:57
670,Adelina Armengol,casandra75@angel.com,2023-06-05 15:32:52
671,Jaime Agustín Pedraza,claudiogallardo@yahoo.com,2020-05-18 20:51:40
672,Nilda Almagro-Bermúdez,baezaalejandra@caparros-gimenez.es,2023-02-22 03:23:28
673,Amarilis Sabater Sobrino,pallaresisidoro@hotmail.com,2020-12-21 06:34:40
674,Gonzalo Uría Merino,pelayonavas@gmail.com,2023-05-15 22:38:57
675,Pelayo Adalberto Gargallo Valderrama,candido81@valcarcel.es,2024-06-26 13:24:03
676,Rufino Moreno Sebastián,dlucas@yahoo.com,2022-10-28 21:27:02
677,Paola Esteban Hurtado,calistavallejo@sandoval.org,2025-07-14 20:01:23
678,Duilio Vargas-Pinilla,celia93@yahoo.com,2023-05-31 03:55:51
679,Abril Solís Costa,reyestefania@reguera-villanueva.es,2021-06-24 03:45:53
680,Ana Luján Jaén,kcalderon@gmail.com,2022-03-21 17:49:58
681,Isaura Azorin Belmonte,felicidad78@yahoo.com,2022-12-01 20:20:17
682,Elisabet de Cánovas,angelinabejarano@hotmail.com,2022-04-06 08:07:50
683,Nicolás Roldán Girona,lladolupe@boix.com,2022-03-09 03:48:19
684,Soledad Cid Pinto,floranicolas@ballesteros-giron.com,2020-07-21 20:24:56
685,Perlita Espada Benítez,tudelaemilia@hotmail.com,2020-01-05 07:36:28
686,Asunción Vidal Haro,araceli17@hotmail.com,2021-09-29 08:13:02
687,Susana Echeverría-Pujadas,jbalaguer@carrillo.es,2024-11-11 08:24:33
688,Estela Villar Reig,severiano28@iglesia-palau.net,2024-06-04 17:35:55
689,Andrés Felipe Almansa Barrena,macaria92@gmail.com,2024-08-15 01:12:50
690,Joel de Casanovas,leocadio72@borja-oliveras.com,2020-11-13 23:53:01
691,Haydée Fuster Bermúdez,alfredo46@yahoo.com,2020-11-26 19:28:21
692,Paco Menéndez-Pavón,sacristanaraceli@estrada.com,2024-01-04 20:03:11
693,Bonifacio Ibañez-Ayala,alfarosegismundo@gmail.com,2022-07-05 06:26:08
694,Gerardo Pardo Baeza,castilloruperto@yahoo.com,2023-08-28 16:30:46
695,Juan del Peiró,montserrat41@gmail.com,2024-03-15 01:28:42
696,Nacio Rosario Fonseca Reina,americoestevez@gallo-vicens.com,2022-01-28 19:19:53
697,Benita Cintia Estévez Roldan,espanolmodesto@espanol-nunez.es,2024-08-14 03:15:12
698,Nando Roldan Escolano,eloy89@hotmail.com,2024-03-07 05:50:18
699,Victor Barrio,marinjose-antonio@pujol.es,2025-02-11 01:02:17
700,Albina Hervás Milla,hserna@franch.org,2024-11-10 22:42:23
701,Nicolás Emigdio Juan Donaire,asuncion15@yahoo.com,2024-01-13 16:57:29
702,Guadalupe Diego Palau,charocaballero@carrillo-moreno.es,2022-10-11 04:07:07
703,Luisa Crespi Pozuelo,eduardocozar@benet.com,2024-04-26 00:49:14
704,Leonardo Jiménez Marqués,lupitaiborra@catalan.es,2022-04-03 22:42:16
705,Américo Sebastián Cornejo,virginia64@yahoo.com,2020-03-04 18:55:17
706,América Ferrera-Padilla,maricelafont@mateu-lujan.es,2021-02-16 15:29:03
707,Salud Elvira Mariño Escamilla,bustosnorberto@gmail.com,2022-04-28 19:37:36
708,Candelas de Tolosa,blancarafa@yahoo.com,2020-10-20 06:33:09
709,Felipa Abella Borrego,yroman@yahoo.com,2021-07-16 14:35:58
710,Fernanda Juárez,ambarbaena@moreno.net,2025-03-04 20:55:23
711,Sandra Purificación Manso Campos,ligia22@marti.com,2023-04-15 08:21:59
712,Augusto Morata Roman,elodiatudela@barreda.org,2025-04-23 06:24:14
713,Fortunata Pomares Lloret,salomonmenendez@ribas-monreal.es,2024-06-03 09:05:26
714,José Mari Pulido Nieto,palmira32@hotmail.com,2024-01-17 07:55:41
715,Juliana Guzmán Fábregas,goyo32@gmail.com,2020-04-05 17:20:41
716,Victorino Trujillo-Durán,perla33@hotmail.com,2023-03-15 16:38:38
717,Pepe Llorente,debora98@hotmail.com,2021-12-15 19:23:48
718,Vinicio Vergara,florenciomontalban@padilla.net,2021-02-19 02:23:50
719,Sancho Pagès Leal,loreto52@gmail.com,2022-10-08 17:21:01
720,Julieta Vendrell Iniesta,zapatanereida@gmail.com,2025-04-09 16:29:29
721,Julieta Oller López,ruylledo@figueroa-pena.es,2022-02-12 00:33:34
722,Eli Solsona-Espada,rupertagonzalo@yahoo.com,2023-07-15 23:28:37
723,Rosario Manzanares,kluna@gmail.com,2020-03-27 08:28:08
724,Isabel Miró Solera,camposana@palomino.es,2024-10-28 03:04:34
725,Cleto Díez Esteban,baezinigo@hotmail.com,2024-11-13 09:56:33
726,Albino Aragonés Molina,leireexposito@aguado-silva.com,2024-01-24 02:57:35
727,Florentina de Vergara,quirino35@gmail.com,2022-06-15 07:25:42
728,Feliciana Cabezas Arroyo,linaresteo@gual.com,2023-02-03 20:42:50
729,Emiliano Cortés Gomila,micaela24@hotmail.com,2022-06-12 05:10:04
730,Antonia Ferrán Salinas,calixtamachado@yahoo.com,2020-05-01 06:22:17
731,Natividad Frutos,urbano46@hotmail.com,2022-02-10 00:28:18
732,Rosa del Domingo,jsantana@tovar.com,2023-02-22 12:01:06
733,Plácido Arenas Soria,jeronimo46@gmail.com,2025-06-24 10:49:47
734,Fernando Rosell,domitila84@quiros.com,2022-07-31 06:52:32
735,Gala Baró,aristidesjove@rosales.com,2025-04-03 14:58:54
736,Ambrosio Alvarez Torrents,mmadrigal@villegas-abellan.com,2023-12-08 22:54:59
737,Victor Macías,horacioleon@folch.es,2023-03-31 01:34:23
738,Leonardo Quintanilla-Ferrán,elianacarretero@yahoo.com,2022-07-31 03:28:20
739,Montserrat Santos-Bayón,daparicio@ruano-cuenca.net,2024-04-14 04:22:09
740,Dorotea Mayte Nieto Carbajo,tomasadela@hotmail.com,2024-10-08 12:42:00
741,Mauricio de Posada,javimorera@asensio.net,2021-08-12 13:56:11
742,Borja Gálvez,noemitena@gmail.com,2021-02-17 23:35:38
743,Galo Rocha Franco,dcarretero@cerda-comas.es,2022-11-18 20:21:12
744,Trinidad Vélez Río,pjaume@catala.es,2023-12-28 17:57:09
745,Brígida Paula Villalba Villalonga,jamores@romero.com,2024-10-01 23:39:02
746,Marta Expósito Ropero,ramoncrespo@hotmail.com,2025-07-19 15:18:24
747,Josep Amaro Carvajal Montserrat,amortorrijos@gmail.com,2021-06-08 00:34:01
748,Reinaldo Manrique Toledo,manolo48@hotmail.com,2021-02-24 05:20:16
749,Julio César Tenorio Perelló,carmeladiez@losa.es,2025-01-21 05:00:44
750,Venceslás Barriga Jove,adelardoanaya@oliver.es,2021-07-16 14:09:15
751,Sara Mendez Madrigal,consuelozabala@pomares.es,2024-05-24 10:21:08
752,Sofía Perea Anguita,gracianotorre@gmail.com,2022-11-27 07:58:57
753,Clímaco Mendez-Carreño,basiliovilanova@salgado.com,2023-08-12 03:41:38
754,Cayetana Rodriguez Blanes,jose-luis36@morillo-villalonga.es,2021-10-28 07:19:52
755,Eulalia Ramírez Plana,albinovelasco@yahoo.com,2022-06-03 05:04:23
756,Consuela Mariscal Fortuny,adela38@hotmail.com,2021-04-28 13:11:55
757,Sancho del Asenjo,pratsfaustino@flores.com,2021-11-12 21:39:07
758,Pía Coello Rosales,lazarosantamaria@pardo-rey.es,2022-08-07 14:54:40
759,Gracia Cobos Pou,edgarcarro@serra-arevalo.net,2023-02-09 10:30:13
760,Jose Angel Palacios Abella,salfaro@yahoo.com,2023-09-16 19:33:31
761,Germán del Hidalgo,esthercifuentes@gmail.com,2020-07-18 07:31:04
762,Eli Garriga,nsaavedra@arias.com,2024-06-11 04:51:37
763,Gabriel Torrijos Cabrero,dario67@parra.es,2024-06-10 01:07:45
764,Juan Pablo Chacón Sola,mmillan@gallo.es,2022-08-05 16:56:49
765,Lupe Vicens Codina,oliverabrunilda@yahoo.com,2020-08-20 10:53:39
766,Candelaria Rovira Hoyos,ferrandiztere@garate.org,2023-01-11 08:23:07
767,Juanita Espejo Oller,cbernad@hotmail.com,2024-08-10 10:49:13
768,Víctor de Arnau,casemiro14@yahoo.com,2024-02-07 08:10:53
769,Angélica Pascual-Exposito,phurtado@gmail.com,2025-05-17 06:47:12
770,Victoria Lucena Valbuena,maricruzmir@abad-exposito.com,2021-06-28 03:42:06
771,Emilio Andrés Feijoo,ccaceres@sosa.es,2022-03-15 22:43:04
772,Concepción Alegria Salvà,efrain01@naranjo-segovia.es,2020-07-14 16:19:23
773,Pilar Ayala Bartolomé,eugenia11@hotmail.com,2020-03-03 10:29:37
774,Remedios Castillo,aranzazuaguilar@hotmail.com,2024-07-06 13:29:32
775,Emperatriz Criado,ovillalobos@yahoo.com,2021-03-31 05:19:46
776,Adán Becerra Rocha,yessica84@hotmail.com,2022-04-12 16:58:44
777,Eligia Castejón Arjona,arenashortensia@hotmail.com,2023-09-09 10:46:01
778,Carlota Melero-Vallés,florencio95@gimenez.org,2024-07-29 21:04:23
779,Matilde Sotelo Corral,cebrian26@planas.es,2024-03-12 08:06:31
780,Loreto Padilla,heribertobenet@hotmail.com,2022-11-05 19:58:24
781,Caridad Sanjuan Pozo,solsonabalduino@salas.es,2020-11-26 06:37:54
782,Cristina Ramón-Perera,leonor29@gmail.com,2024-08-12 18:20:04
783,Aitor Anguita Mora,omar56@lastra.net,2023-07-21 04:36:11
784,Gaspar Blazquez Sandoval,amando47@hotmail.com,2023-01-23 10:17:47
785,Maricela Escrivá,nieves60@aguilo.es,2025-06-27 07:54:35
786,Andrés Felipe Arteaga Calvet,eliseoperal@franco.es,2021-05-29 22:30:13
787,Bruno Oller Saavedra,lupe84@gmail.com,2022-04-05 09:35:31
788,Víctor Ferrándiz Lobo,alfonsoalbert@hotmail.com,2020-05-20 20:11:43
789,Aroa Paz Bermúdez Zamorano,leonborrego@gmail.com,2023-07-18 15:45:02
790,Alma Silvia Blanch Gallardo,manuelasanmiguel@cespedes.net,2020-04-02 19:41:43
791,Azahara Pascual,ramonbarco@salgado-guitart.es,2020-09-22 16:35:30
792,Javi Ordóñez Mayoral,peraignacia@pla.com,2023-12-24 01:34:57
793,Rafa Fabra Narváez,consuela13@gmail.com,2025-05-01 01:17:26
794,Isabel Vargas,ahuguet@lasa.es,2024-09-09 08:29:38
795,Raimundo Cleto Patiño Cáceres,juan-jose39@gmail.com,2021-12-31 03:47:33
796,Clotilde Rosalía Pinedo Gallego,barbagil@somoza.org,2024-07-08 18:57:23
797,Abraham Antúnez Guardiola,baqueroflorina@moran.org,2025-05-29 21:59:27
798,Eloísa Irene Villegas Segura,cesarcortina@llobet-espejo.net,2022-11-29 09:14:16
799,Juan Manuel Cabello Caparrós,fuenteelias@julian.es,2022-08-25 23:48:30
800,Beatriz Fuentes-Pintor,mariasans@gmail.com,2024-01-24 06:34:21
801,Adolfo Valentín Chacón Iniesta,ignacia98@simo-marti.es,2020-07-02 18:31:10
802,Feliciana Vaquero Ferrera,ramon66@hotmail.com,2021-09-08 09:51:19
803,María Carmen Manzano Calderon,fidel63@benitez-pallares.com,2021-12-13 08:10:23
804,Graciano Julián Montserrat,ellabres@yahoo.com,2022-04-18 22:08:13
805,Luciana Encarna Ugarte Osuna,jeremiasjimenez@alvarado.com,2025-06-24 22:55:29
806,Andrés Felipe Vargas-Rosell,mpujol@yahoo.com,2024-11-10 00:46:12
807,Ernesto Noguera,olimpia40@hotmail.com,2021-04-21 09:37:29
808,Ciro Torrecilla Amaya,elvira34@hotmail.com,2023-10-02 11:04:07
809,Rosalva Porcel Díaz,granadosolga@rincon.es,2024-02-10 03:53:11
810,Juliana Santiago Guitart,bmoll@gisbert.org,2023-05-03 10:58:24
811,Cleto Infante García,clarabertran@cueto.es,2022-04-02 21:40:08
812,Carla Amigó Carballo,csantos@prieto-gomis.org,2021-04-30 11:06:21
813,Flavia Morales Echeverría,albinafabregat@yahoo.com,2024-09-03 23:50:12
814,Mamen Puerta Aragonés,eexposito@gomez-exposito.es,2020-05-05 10:51:29
815,Jose Luis Colom Cano,gasconclotilde@arteaga.org,2025-06-30 07:37:45
816,Clotilde Barrera Dominguez,muletdafne@gmail.com,2022-12-10 12:32:12
817,Ainoa de Valera,amarilismateos@aller.es,2024-03-02 07:05:50
818,Trinidad Gascón Cantón,zamorahermenegildo@moles-vizcaino.es,2024-04-29 06:25:08
819,Aristides Balaguer Puerta,efuente@hotmail.com,2020-10-23 12:23:06
820,Ulises Ismael Bauzà Aguado,pascualasolsona@lledo-lumbreras.org,2021-05-17 03:38:09
821,Rogelio de Flor,romanhernan@yahoo.com,2021-05-26 18:53:08
822,Victorino Gutierrez Borja,marcelaacevedo@yahoo.com,2020-12-06 08:58:02
823,Zaira Fajardo Velázquez,pbustos@elias-calatayud.es,2020-01-29 05:32:05
824,Águeda Carbajo Bueno,micaelatovar@verdugo.org,2023-02-23 06:23:32
825,Severino del Ibarra,panchoiniesta@gmail.com,2020-05-08 01:42:52
826,Maximino Quiroga Somoza,davilajuan-francisco@quevedo.com,2024-12-10 06:01:13
827,Loida Tena Luján,paulinacerro@yahoo.com,2021-01-10 01:39:17
828,Eva Exposito,ovidio78@mari.es,2021-01-19 01:13:06
829,Odalys Reyes Duran,palomocipriano@hotmail.com,2024-01-18 17:20:48
830,Ovidio del Luna,osolera@hotmail.com,2021-12-19 08:24:29
831,Candelario Abad,jose-ignaciopelaez@yahoo.com,2022-01-16 09:45:57
832,Edelmiro Hierro Pinedo,zmesa@hotmail.com,2023-02-13 22:39:45
833,Melchor Leon Olivera,enrique85@yahoo.com,2024-07-03 01:32:28
834,Maxi del Molina,calixto73@yahoo.com,2024-12-08 21:56:36
835,Carlito Montserrat Gimenez,geronimo09@valentin.org,2023-09-22 03:45:18
836,Roque del Rincón,tellezluciano@calleja-roman.com,2022-11-09 06:32:03
837,Vidal Cisneros Sáenz,araceliabad@hotmail.com,2020-11-28 09:17:12
838,Lilia Carbonell Pedrosa,torrentingrid@millan-lago.es,2021-01-21 09:38:50
839,Lucía Menendez Herranz,inocenciotome@yahoo.com,2024-05-25 09:53:38
840,Rufina Narváez,jeremiasroyo@valencia-murillo.com,2023-03-21 20:20:58
841,Fulgencio Tomás Moliner,carmen82@escalona-cervera.es,2024-10-27 17:03:54
842,Inocencio Benítez Moreno,carrillobenjamin@angulo.com,2023-05-09 07:00:56
843,Álvaro Acevedo Gutiérrez,nfigueras@tur.com,2023-07-05 03:28:17
844,Rufina Cañete Nogués,spineiro@gmail.com,2023-03-04 16:36:17
845,Benjamín Chacón,javicolom@yahoo.com,2020-06-03 15:40:05
846,Adoración Fabiola Alfonso Gárate,curro41@sola.es,2020-06-04 06:20:51
847,Isidro de Navarrete,eugenia06@hotmail.com,2022-12-29 10:16:45
848,Carmelo Piñol Guardia,vicentacaballero@hotmail.com,2025-05-04 12:56:44
849,Viviana Pastora Reguera Zurita,adoracion06@abascal.es,2024-07-21 08:34:26
850,Guadalupe del Castell,guitartreyes@velasco.es,2024-11-18 15:30:46
851,Débora de Figuerola,victor22@agusti.com,2023-04-17 02:56:13
852,Nieves Palomar,silviacarrillo@bas.org,2022-11-08 12:58:30
853,María Belén Quintana Arrieta,ulises12@yahoo.com,2024-11-28 14:22:28
854,Isabela Saturnina Terrón Diaz,lucia73@yahoo.com,2022-04-01 12:59:58
855,Ágata Chaves Paredes,albanomontenegro@yahoo.com,2023-03-01 07:44:48
856,Severo Pol,ricartconcepcion@hotmail.com,2020-12-17 17:56:54
857,Milagros Aranda Cabrera,americo04@montalban-barrios.com,2023-09-19 12:55:04
858,Enrique Botella Mayo,trillomaura@yahoo.com,2021-06-09 22:35:22
859,Bonifacio Bru Castañeda,crescencia30@fabra-fiol.es,2021-12-23 19:38:23
860,Clarisa Mulet-Cuéllar,isidoro05@gmail.com,2022-02-02 23:15:10
861,Perlita Azorin Muro,bcabezas@segui.org,2022-04-06 06:21:22
862,Omar del Llobet,maritaolivares@gmail.com,2021-05-02 21:09:38
863,Adalberto Salas Quesada,eugeniaizaguirre@navas-cuellar.es,2020-01-23 07:10:52
864,Vasco Catalán Campoy,concha31@hotmail.com,2023-10-23 15:08:15
865,Óscar Montalbán-Mesa,lucianorivas@rocamora.es,2021-01-27 18:20:24
866,Dionisio Gaspar Vilaplana Rosales,feliciana01@marquez.org,2022-03-02 07:44:35
867,Benjamín Boada Catalá,ferranmarita@hotmail.com,2021-08-13 23:50:46
868,Bernarda Guardia Porta,maura32@hotmail.com,2023-02-05 23:04:32
869,Chus Úrsula Riquelme Martín,juan-luis92@reguera.es,2023-07-21 06:18:14
870,Adoración Amo Mariscal,npeinado@trujillo.org,2022-04-07 01:59:14
871,Esther Escrivá Pastor,palmira20@yahoo.com,2022-05-18 17:56:01
872,Ximena del Marqués,alexroda@yahoo.com,2024-03-19 09:29:15
873,Juan Bautista Arce-Serrano,manupalomar@chamorro.net,2021-11-24 04:09:58
874,María Jesús Rosales Cuevas,ssilva@yahoo.com,2022-04-24 20:10:01
875,Coral Aguilera-Viña,apaniagua@cuesta.com,2023-03-21 02:52:09
876,Rafael Busquets Cabezas,llobo@rio.com,2021-05-03 14:42:20
877,Baldomero Mulet Molina,vegacandela@donaire.com,2022-03-16 00:15:47
878,Rafael Parra-Romeu,tdelgado@vergara-burgos.es,2020-04-22 22:20:30
879,Zoraida Mariño Gonzalo,pcasanova@vall.net,2025-05-04 04:02:55
880,Rosalinda Porras Arteaga,jrosado@gmail.com,2020-11-15 04:12:39
881,Moreno Godofredo Vélez Maldonado,cmartin@gutierrez.com,2024-04-23 14:29:30
882,Heriberto Amo-Mínguez,samuel81@calzada.com,2020-02-21 20:11:11
883,Verónica Sandoval Rico,luchocorrea@gmail.com,2020-05-14 10:08:48
884,Teodoro Figueroa-Suarez,chusferrandiz@gmail.com,2024-08-02 18:31:20
885,Cebrián Palacio Díez,guadalupepena@hotmail.com,2025-08-11 17:19:34
886,Azucena Elías Blázquez,lorenzojeremias@gmail.com,2024-11-14 22:27:47
887,Nerea Juan-Pavón,aurora41@berenguer.org,2022-09-11 01:52:32
888,Pancho Timoteo Villaverde Sebastián,vinicio01@llobet.com,2021-02-22 12:34:26
889,Emilia Azeneth Quiroga Chaves,tlasa@ayala.com,2020-12-12 08:14:30
890,Omar Chico Santiago,ingridpardo@marques-saavedra.com,2023-04-14 21:37:51
891,Filomena Sanmiguel Heredia,colomafermin@gmail.com,2022-01-31 13:29:13
892,Guiomar Barros-Torrens,icortes@uribe-guillen.com,2025-05-19 08:26:07
893,Leticia Fabregat Egea,odalys70@valdes-sanchez.com,2023-01-06 08:13:33
894,Flor Marina Contreras Anaya,lalo34@izaguirre.es,2022-11-29 15:17:04
895,Luciana del Fernández,vitopalomar@yahoo.com,2021-11-06 10:07:32
896,Leocadio Ocaña Sanmartín,rebollojose-francisco@yahoo.com,2020-08-14 16:26:13
897,Hugo Palomo Torrent,elodiacarbajo@vicens-borja.net,2025-04-16 06:40:52
898,Ricarda Seguí Amat,marcordero@gmail.com,2020-03-12 13:41:39
899,Noé del Mariscal,gillopez@hotmail.com,2021-11-29 06:18:34
900,Marcial Ledesma Miró,ovilalta@hotmail.com,2025-01-06 15:04:22
901,Jose Linares Hurtado,domitila86@prat-tena.net,2025-03-04 03:14:39
902,Chus de Miralles,haroldovelasco@hotmail.com,2023-06-19 17:15:16
903,Virgilio Nogueira Castelló,pereafrancisca@marques.com,2023-06-09 00:21:09
904,Diana Velasco Pinto,guijarrodaniela@gmail.com,2023-01-13 19:17:09
905,Pía Olmedo Campo,brigidaiborra@alarcon-priego.es,2024-01-05 06:21:03
906,Salvador Pelayo Anglada,kposada@gmail.com,2020-03-19 06:20:49
907,Inmaculada Armengol Catalá,ainoalastra@barral.com,2024-01-01 17:04:40
908,Paulino Ciro Laguna Amaya,fortunatocarmona@gmail.com,2024-09-09 17:45:04
909,Elodia Anita Cabrera Guillén,merche98@gmail.com,2021-08-11 12:23:42
910,Hugo Carlito Montaña Rico,atiliosancho@valles.es,2024-10-31 06:46:12
911,Rosa María Bou Aparicio,rafaelamoros@sanz.es,2024-08-16 07:12:15
912,Fanny Martorell Torre,mateosantiago@gmail.com,2025-02-25 03:38:08
913,Alejo Ródenas Baró,merche42@saenz.es,2020-10-08 13:18:51
914,Virginia Castrillo Rojas,peinadopepita@gmail.com,2024-12-04 04:59:51
915,Irene Barrios Salinas,deborabarrios@gmail.com,2024-08-24 19:53:08
916,Gabriela Pinedo Alvarez,domitila74@yahoo.com,2023-01-05 10:58:06
917,Perla Echevarría,dsolsona@hotmail.com,2020-05-13 22:59:26
918,Manu Baeza González,isernmarcio@santamaria.com,2025-04-20 11:33:04
919,Malena Feijoo-Ortiz,fatimagracia@perera.com,2020-08-21 07:50:13
920,Vicente Roldán Estevez,aranzazu40@yahoo.com,2024-04-12 17:00:45
921,Marcos Miguel Mateu,jordizamora@hotmail.com,2024-06-07 08:11:43
922,Josué Gámez Aroca,vgonzalez@zamora-abad.net,2020-05-23 06:53:20
923,Beatriz Carnero Gibert,azucenagrande@hurtado-chico.com,2021-12-07 16:46:06
924,Godofredo Criado Sacristán,miriam53@hotmail.com,2020-02-09 01:15:57
925,Adrián de Villalba,julio97@ibanez-vinas.es,2021-01-22 02:28:37
926,Íngrid Encarnacion Trillo Pareja,armasetelvina@alonso.com,2023-10-21 08:31:22
927,Aura Guitart Agullo,mariavillalobos@gmail.com,2024-07-04 20:47:29
928,Adolfo Molina Pedrero,ibanezsalud@hotmail.com,2020-11-15 16:10:31
929,María Belén Rodriguez Luna,angelacasanovas@gallardo.com,2021-12-11 08:32:37
930,Magdalena Río Cabrero,armandonicolau@gual-barbera.org,2021-10-09 11:35:33
931,Ulises Rojas Roldan,narana@gmail.com,2022-06-14 16:28:01
932,Florina Robledo Lladó,cloejaume@gmail.com,2024-10-22 23:57:05
933,Belen Yuste Carrasco,agapito03@yahoo.com,2023-01-30 05:17:13
934,Macarena Casas Rico,llabrestania@arellano.es,2022-10-26 22:08:14
935,Juan Luis del Osuna,companybernardo@sola-silva.org,2023-01-16 06:35:16
936,Alcides Quesada Peinado,arcenydia@galindo-roldan.com,2020-12-03 02:46:55
937,Wilfredo Cazorla Casal,edgardo76@ribas.es,2024-04-21 19:09:59
938,José Leal,msolera@calvet.com,2021-01-03 15:50:13
939,Pascual Alejo Tolosa Gutiérrez,chucho73@hotmail.com,2025-07-10 07:10:23
940,Virgilio Olmedo-Cárdenas,cristina18@hotmail.com,2023-10-22 10:55:37
941,Azahar Coello Rosales,roxana64@salva.org,2025-01-23 10:48:54
942,Celestino Bermudez Morante,toribio02@hotmail.com,2020-08-08 23:57:43
943,Roberto Miralles,cruz40@noguera-bravo.es,2020-04-05 02:13:19
944,Sabas Ramírez Boix,juana24@segarra.es,2025-06-16 14:05:21
945,Ruy Bauzà-Tur,eustaquiofigueras@armas.com,2023-04-21 01:26:19
946,Alonso Carvajal Gimeno,montserratseveriano@chacon.com,2023-09-11 07:09:13
947,Tito Campos-Puga,rduenas@llopis-benitez.es,2022-10-05 04:52:01
948,Juana Seco Carballo,escolanomagdalena@hotmail.com,2020-10-24 04:44:08
949,Felix Robles,marcianocoronado@arellano.org,2023-05-14 01:31:44
950,Yolanda de Borja,bernardinoquintanilla@gmail.com,2024-01-14 17:37:30
951,Sancho Esteve Morell,duquemaria@montero.org,2024-03-13 14:44:57
952,Zaira Vilar Nadal,lisandro50@gmail.com,2025-03-31 01:28:51
953,Amílcar Heredia Arenas,anselma70@yahoo.com,2025-04-14 10:39:14
954,María Jesús Gertrudis Casals Molina,juan-bautista68@palomo-giron.com,2022-04-18 04:10:01
955,Anselmo Bernabé Gallart Borrás,qvilanova@hotmail.com,2024-05-14 07:34:23
956,Carlos Lobo-Huertas,luz77@pi.com,2023-07-27 13:27:38
957,Vicenta Ferrández-Puga,bernardinoagudo@yahoo.com,2020-05-14 02:18:37
958,Jose Ignacio Carreño Espejo,fcamino@oliveras.com,2021-10-31 14:40:30
959,Roberta de Valera,agustin38@gmail.com,2025-06-14 02:22:49
960,Tadeo Villanueva Jáuregui,xespejo@gonzalez.org,2022-12-22 19:03:29
961,Claudia Cabrero-Lago,barriosjulia@torrijos.com,2024-12-18 19:42:40
962,Paula Pavón,reciomirta@mosquera.net,2022-07-17 23:02:05
963,Hernando del Zamorano,leticiacarranza@tejera.com,2021-01-07 21:33:31
964,Daniel Barroso Rosell,galler@yahoo.com,2020-07-09 14:48:00
965,Reyes Barranco-Arcos,cluna@gmail.com,2021-10-16 02:43:47
966,Leandra Charo Lasa Torrijos,francisco-jose74@yahoo.com,2023-06-14 07:11:21
967,Óscar Narváez Vilar,manuelita67@hoz.com,2022-05-23 13:09:06
968,Ale Pou Esteve,carromerche@hotmail.com,2024-09-15 05:30:16
969,Valerio Torrents Menendez,lsimo@hotmail.com,2021-07-12 05:34:14
970,Guadalupe Pombo,dora95@gmail.com,2020-01-18 07:54:57
971,Julio César Carbajo-Luna,oarmas@anglada.com,2021-06-19 01:02:20
972,Gustavo Diaz Ródenas,paredescandida@cardona-luis.net,2022-07-27 01:08:48
973,Patricia del Soler,castanedasebastian@yahoo.com,2024-02-27 21:26:12
974,Wálter Juliá-Oliver,graumariana@mendizabal.net,2025-03-19 15:02:10
975,Patricio Vilalta Merino,adelinacarreras@barrios.org,2023-05-14 02:02:12
976,Aura Águila Mendizábal,josefaguzman@hotmail.com,2021-08-14 05:28:26
977,Guiomar Suarez Morán,lbecerra@agudo.es,2020-08-03 16:19:06
978,Aurelio de Gallardo,marcianopineda@arranz.es,2020-06-05 06:25:30
979,Jose Antonio Bilbao,jacintomaza@yahoo.com,2024-01-06 14:39:10
980,Rosa María Tormo Alvarado,timoteoribes@mate-rosa.es,2021-03-01 11:07:24
981,Gema Amo Tejero,domitilapuig@campoy.net,2020-11-02 22:52:23
982,Gaspar Clemente Cazorla,nmartorell@gmail.com,2025-03-07 12:31:25
983,Cleto Tito Ayuso Porta,teresita70@hotmail.com,2022-04-11 20:33:38
984,Victoriano Acevedo Lobo,begonarosales@mayoral.es,2024-08-02 19:19:36
985,Rosenda Pons Uriarte,qvendrell@gmail.com,2020-03-28 17:12:32
986,Dora Valera Francisco,cortescalista@hotmail.com,2025-03-13 17:55:29
987,Rosalía María Cristina Alberto Boada,qisern@gmail.com,2021-07-25 05:39:39
988,Víctor Salcedo-Mercader,tamaramanrique@sanabria.org,2025-01-21 20:06:59
989,Alex Serrano Roldán,lorenza38@corominas.com,2025-01-13 15:15:14
990,Nilda Palomares,ursulaanguita@hotmail.com,2021-01-23 23:17:40
991,Reyes Villa-Quintanilla,florentina12@yahoo.com,2020-10-08 04:17:45
992,Gala Nélida Bastida Ordóñez,alcantararenato@marin-serra.com,2025-06-04 11:13:46
993,Pastora Orozco Nebot,tolmo@yahoo.com,2024-11-04 15:38:28
994,Fausto Pinto Mendez,sofia77@prat-escolano.es,2024-09-30 06:02:55
995,Luis Miguel Luque-Salom,jeronimo84@coll-gutierrez.com,2020-06-03 00:44:38
996,Flavio Portillo Lladó,tvera@gomis.es,2024-09-26 07:13:54
997,Teodoro Cano Antón,selenabelmonte@gmail.com,2020-08-28 09:49:42
998,Samu Gracia Puerta,pblanch@yahoo.com,2021-10-01 10:40:34
999,Hilda Peral Garriga,teodosio34@mulet.es,2024-07-25 23:04:06
1000,Teófila de Palmer,olgaamo@cuevas.es,2024-12-27 06:22:07
